index,dish_id
0,dish_1550704750
1,dish_1550704903
2,dish_1550705288
3,dish_1550705370
4,dish_1550705445
5,dish_1550705477
6,dish_1550705504
7,dish_1550705535
8,dish_1550705580
9,dish_1550705623
10,dish_1550705669
11,dish_1550705724
12,dish_1550705786
13,dish_1550705888
14,dish_1550705939
15,dish_1550705995
16,dish_1550706037
17,dish_1550706096
18,dish_1550706177
19,dish_1550706237
20,dish_1550706283
21,dish_1550706325
22,dish_1550706448
23,dish_1550706583
24,dish_1550706639
25,dish_1550706705
26,dish_1550706766
27,dish_1550706891
28,dish_1550706945
29,dish_1550707056
30,dish_1550707110
31,dish_1550707156
32,dish_1550707236
33,dish_1550707357
34,dish_1550707504
35,dish_1550707578
36,dish_1550707638
37,dish_1550707756
38,dish_1550707850
39,dish_1550707914
40,dish_1550707958
41,dish_1550707995
42,dish_1550708152
43,dish_1550708221
44,dish_1550708280
45,dish_1550708327
46,dish_1550708366
47,dish_1550708440
48,dish_1550708487
49,dish_1550708556
50,dish_1550708638
51,dish_1550708702
52,dish_1550708875
53,dish_1550708945
54,dish_1550708985
55,dish_1550709028
56,dish_1550709129
57,dish_1550710177
58,dish_1550710207
59,dish_1550710279
60,dish_1550710318
61,dish_1550710342
62,dish_1550710402
63,dish_1550710448
64,dish_1550710507
65,dish_1550710542
66,dish_1550710577
67,dish_1550710612
68,dish_1550710664
69,dish_1550710715
70,dish_1550710758
71,dish_1550710793
72,dish_1550710845
73,dish_1550710917
74,dish_1550711017
75,dish_1550711066
76,dish_1550711094
77,dish_1550711129
78,dish_1550711187
79,dish_1550711244
80,dish_1550711314
81,dish_1550711385
82,dish_1550711488
83,dish_1550711598
84,dish_1550711688
85,dish_1550711746
86,dish_1550711788
87,dish_1550711845
88,dish_1550711973
89,dish_1550712024
90,dish_1550712079
91,dish_1550712143
92,dish_1550712315
93,dish_1550712369
94,dish_1550712403
95,dish_1550712459
96,dish_1550712486
97,dish_1550712524
98,dish_1550712556
99,dish_1550712585
100,dish_1550712622
101,dish_1550712654
102,dish_1550712681
103,dish_1550712729
104,dish_1550712805
105,dish_1550712839
106,dish_1550712877
107,dish_1550712913
108,dish_1550712961
109,dish_1550713065
110,dish_1550713114
111,dish_1550713174
112,dish_1550713388
113,dish_1550713423
114,dish_1550713462
115,dish_1550713503
116,dish_1550713566
117,dish_1550769483
118,dish_1550769725
119,dish_1550769827
120,dish_1550769882
121,dish_1550769948
122,dish_1550770222
123,dish_1550770265
124,dish_1550770447
125,dish_1550770482
126,dish_1550770511
127,dish_1550770616
128,dish_1550770699
129,dish_1550770751
130,dish_1550770802
131,dish_1550770866
132,dish_1550771191
133,dish_1550771267
134,dish_1550771330
135,dish_1550771387
136,dish_1550771421
137,dish_1550771487
138,dish_1550771562
139,dish_1550771606
140,dish_1550771648
141,dish_1550771707
142,dish_1550771796
143,dish_1550771869
144,dish_1550771938
145,dish_1550771984
146,dish_1550772027
147,dish_1550772088
148,dish_1550772168
149,dish_1550772199
150,dish_1550772270
151,dish_1550772314
152,dish_1550772367
153,dish_1550772454
154,dish_1550772505
155,dish_1550772551
156,dish_1550772617
157,dish_1550772701
158,dish_1550772753
159,dish_1550772809
160,dish_1550772849
161,dish_1550772892
162,dish_1550772960
163,dish_1550773038
164,dish_1550773162
165,dish_1550773200
166,dish_1550773284
167,dish_1550773349
168,dish_1550773394
169,dish_1550773430
170,dish_1550773506
171,dish_1550773591
172,dish_1550773771
173,dish_1550773839
174,dish_1550773917
175,dish_1550773949
176,dish_1550773995
177,dish_1550774244
178,dish_1550774296
179,dish_1550774815
180,dish_1550774895
181,dish_1550775126
182,dish_1550775219
183,dish_1550775273
184,dish_1550775318
185,dish_1550775363
186,dish_1550775393
187,dish_1550775472
188,dish_1550776767
189,dish_1550776854
190,dish_1550776907
191,dish_1550776957
192,dish_1550777025
193,dish_1550777124
194,dish_1550777181
195,dish_1550777218
196,dish_1550777256
197,dish_1550777319
198,dish_1550777418
199,dish_1550777469
200,dish_1550777511
201,dish_1550777566
202,dish_1550777646
203,dish_1550777713
204,dish_1550777791
205,dish_1550777827
206,dish_1550777860
207,dish_1550777919
208,dish_1550778007
209,dish_1550778058
210,dish_1550778118
211,dish_1550778172
212,dish_1550778312
213,dish_1550778355
214,dish_1550778401
215,dish_1550778435
216,dish_1550778469
217,dish_1550778535
218,dish_1550778583
219,dish_1550778619
220,dish_1550778646
221,dish_1550778694
222,dish_1550778856
223,dish_1550778922
224,dish_1550778981
225,dish_1550779014
226,dish_1550779058
227,dish_1550779153
228,dish_1550779219
229,dish_1550779282
230,dish_1550779336
231,dish_1550779388
232,dish_1550780717
233,dish_1550781280
234,dish_1550781317
235,dish_1550781347
236,dish_1550781372
237,dish_1550785292
238,dish_1550785404
239,dish_1550785481
240,dish_1550785526
241,dish_1550785599
242,dish_1550785697
243,dish_1550785808
244,dish_1550785876
245,dish_1550785915
246,dish_1550785975
247,dish_1550788191
248,dish_1550788264
249,dish_1550788398
250,dish_1550788505
251,dish_1550788591
252,dish_1550788827
253,dish_1550788957
254,dish_1550789186
255,dish_1550789255
256,dish_1550789321
257,dish_1550789601
258,dish_1550789705
259,dish_1550789814
260,dish_1550789860
261,dish_1550790042
262,dish_1550790252
263,dish_1550790347
264,dish_1550790442
265,dish_1550790511
266,dish_1550790554
267,dish_1550790874
268,dish_1550791105
269,dish_1550791160
270,dish_1550791214
271,dish_1550791302
272,dish_1550791644
273,dish_1550791701
274,dish_1550791822
275,dish_1550791884
276,dish_1550791942
277,dish_1550792023
278,dish_1550792143
279,dish_1550792194
280,dish_1550792315
281,dish_1550792365
282,dish_1550792493
283,dish_1550792595
284,dish_1550792734
285,dish_1550792824
286,dish_1550792864
287,dish_1550793023
288,dish_1550793093
289,dish_1550793192
290,dish_1550793245
291,dish_1550793300
292,dish_1550793485
293,dish_1550793525
294,dish_1550793582
295,dish_1550793621
296,dish_1550793673
297,dish_1550795331
298,dish_1550795361
299,dish_1550795423
300,dish_1550795455
301,dish_1550795497
302,dish_1550795690
303,dish_1550795856
304,dish_1550796058
305,dish_1550796152
306,dish_1550796330
307,dish_1550796634
308,dish_1550796686
309,dish_1550796731
310,dish_1550796763
311,dish_1550796794
312,dish_1550796973
313,dish_1550797031
314,dish_1550797094
315,dish_1550797130
316,dish_1550797169
317,dish_1550797474
318,dish_1550797692
319,dish_1550797753
320,dish_1550797791
321,dish_1550797833
322,dish_1550859356
323,dish_1550859396
324,dish_1550859544
325,dish_1550859578
326,dish_1550859622
327,dish_1550859694
328,dish_1550859927
329,dish_1550859977
330,dish_1550860041
331,dish_1550860107
332,dish_1550860188
333,dish_1550860307
334,dish_1550860361
335,dish_1550860444
336,dish_1550860513
337,dish_1550860631
338,dish_1550860747
339,dish_1550860787
340,dish_1550860820
341,dish_1550860858
342,dish_1550860919
343,dish_1550861027
344,dish_1550861074
345,dish_1550861124
346,dish_1550861187
347,dish_1550861324
348,dish_1550861388
349,dish_1550861432
350,dish_1550861458
351,dish_1550861520
352,dish_1550861584
353,dish_1550861605
354,dish_1550861670
355,dish_1550861703
356,dish_1550861835
357,dish_1550861903
358,dish_1550861950
359,dish_1550861994
360,dish_1550862036
361,dish_1550862106
362,dish_1550862190
363,dish_1550862217
364,dish_1550862272
365,dish_1550862349
366,dish_1550862399
367,dish_1550862495
368,dish_1550862580
369,dish_1550862648
370,dish_1550862681
371,dish_1550862733
372,dish_1550862840
373,dish_1550862908
374,dish_1550862993
375,dish_1550863037
376,dish_1550863078
377,dish_1550863155
378,dish_1550863247
379,dish_1550863285
380,dish_1550863309
381,dish_1550863381
382,dish_1550873044
383,dish_1550873218
384,dish_1550873264
385,dish_1550873303
386,dish_1550873338
387,dish_1550873434
388,dish_1550873486
389,dish_1550873572
390,dish_1550873668
391,dish_1550873788
392,dish_1550873952
393,dish_1550874079
394,dish_1550874153
395,dish_1550874191
396,dish_1550874267
397,dish_1550874464
398,dish_1550874640
399,dish_1550874679
400,dish_1550874729
401,dish_1550874756
402,dish_1550874829
403,dish_1550874872
404,dish_1550874918
405,dish_1550874950
406,dish_1550875058
407,dish_1550875168
408,dish_1550875229
409,dish_1550875293
410,dish_1550875347
411,dish_1550875400
412,dish_1550875891
413,dish_1550875931
414,dish_1550875968
415,dish_1550876012
416,dish_1550876055
417,dish_1550876249
418,dish_1550876298
419,dish_1550876376
420,dish_1550876416
421,dish_1550876467
422,dish_1550876619
423,dish_1550876748
424,dish_1550876819
425,dish_1550876892
426,dish_1550876969
427,dish_1551122493
428,dish_1551122567
429,dish_1551122614
430,dish_1551122662
431,dish_1551122713
432,dish_1551122795
433,dish_1551122844
434,dish_1551122871
435,dish_1551122914
436,dish_1551122952
437,dish_1551123023
438,dish_1551123072
439,dish_1551123396
440,dish_1551123455
441,dish_1551123633
442,dish_1551123904
443,dish_1551123986
444,dish_1551124062
445,dish_1551124116
446,dish_1551124157
447,dish_1551124221
448,dish_1551124267
449,dish_1551124322
450,dish_1551124362
451,dish_1551124407
452,dish_1551124481
453,dish_1551124591
454,dish_1551124637
455,dish_1551124687
456,dish_1551124723
457,dish_1551125258
458,dish_1551125305
459,dish_1551125357
460,dish_1551125384
461,dish_1551125436
462,dish_1551133789
463,dish_1551133870
464,dish_1551134053
465,dish_1551134138
466,dish_1551134208
467,dish_1551134442
468,dish_1551134622
469,dish_1551134757
470,dish_1551134824
471,dish_1551134895
472,dish_1551134987
473,dish_1551135179
474,dish_1551135297
475,dish_1551135363
476,dish_1551135415
477,dish_1551135536
478,dish_1551135590
479,dish_1551135656
480,dish_1551135718
481,dish_1551135767
482,dish_1551135896
483,dish_1551136043
484,dish_1551136264
485,dish_1551136315
486,dish_1551136396
487,dish_1551136531
488,dish_1551136610
489,dish_1551136683
490,dish_1551136769
491,dish_1551136814
492,dish_1551136891
493,dish_1551137091
494,dish_1551137173
495,dish_1551137277
496,dish_1551137348
497,dish_1551137431
498,dish_1551138110
499,dish_1551138180
500,dish_1551138237
501,dish_1551138312
502,dish_1551139066
503,dish_1551139192
504,dish_1551139260
505,dish_1551139325
506,dish_1551139367
507,dish_1551139415
508,dish_1551139487
509,dish_1551139535
510,dish_1551139576
511,dish_1551139606
512,dish_1551139675
513,dish_1551139764
514,dish_1551139831
515,dish_1551139874
516,dish_1551139956
517,dish_1551141628
518,dish_1551141670
519,dish_1551141710
520,dish_1551141747
521,dish_1551141779
522,dish_1551141849
523,dish_1551141892
524,dish_1551141931
525,dish_1551142001
526,dish_1551142046
527,dish_1551142128
528,dish_1551142459
529,dish_1551142509
530,dish_1551142547
531,dish_1551142589
532,dish_1551221581
533,dish_1551221801
534,dish_1551221853
535,dish_1551221892
536,dish_1551221935
537,dish_1551222036
538,dish_1551222068
539,dish_1551222188
540,dish_1551222225
541,dish_1551222311
542,dish_1551222363
543,dish_1551222472
544,dish_1551222527
545,dish_1551222558
546,dish_1551222587
547,dish_1551222638
548,dish_1551222712
549,dish_1551222759
550,dish_1551222791
551,dish_1551222833
552,dish_1551222877
553,dish_1551222935
554,dish_1551222982
555,dish_1551223023
556,dish_1551223114
557,dish_1551223195
558,dish_1551223249
559,dish_1551223311
560,dish_1551223346
561,dish_1551223394
562,dish_1551224001
563,dish_1551224089
564,dish_1551224138
565,dish_1551224175
566,dish_1551224208
567,dish_1551224283
568,dish_1551224380
569,dish_1551224447
570,dish_1551224483
571,dish_1551224534
572,dish_1551224647
573,dish_1551224689
574,dish_1551224751
575,dish_1551224787
576,dish_1551224833
577,dish_1551224928
578,dish_1551225021
579,dish_1551225067
580,dish_1551225106
581,dish_1551225155
582,dish_1551225281
583,dish_1551225381
584,dish_1551225467
585,dish_1551225501
586,dish_1551225541
587,dish_1551225609
588,dish_1551225666
589,dish_1551225714
590,dish_1551225764
591,dish_1551225793
592,dish_1551225836
593,dish_1551225948
594,dish_1551226013
595,dish_1551226049
596,dish_1551226101
597,dish_1551226308
598,dish_1551226363
599,dish_1551226409
600,dish_1551226442
601,dish_1551226475
602,dish_1551226840
603,dish_1551226892
604,dish_1551226948
605,dish_1551226999
606,dish_1551227050
607,dish_1551227165
608,dish_1551227216
609,dish_1551227280
610,dish_1551227325
611,dish_1551227380
612,dish_1551227435
613,dish_1551227539
614,dish_1551227581
615,dish_1551227628
616,dish_1551227669
617,dish_1551228296
618,dish_1551228355
619,dish_1551228396
620,dish_1551228438
621,dish_1551228478
622,dish_1551228551
623,dish_1551228582
624,dish_1551228630
625,dish_1551228669
626,dish_1551228715
627,dish_1551228830
628,dish_1551228876
629,dish_1551228930
630,dish_1551228971
631,dish_1551229028
632,dish_1551232627
633,dish_1551232686
634,dish_1551232713
635,dish_1551232748
636,dish_1551232782
637,dish_1551232851
638,dish_1551232905
639,dish_1551232936
640,dish_1551232973
641,dish_1551233007
642,dish_1551233095
643,dish_1551233150
644,dish_1551233180
645,dish_1551233210
646,dish_1551233248
647,dish_1551233313
648,dish_1551233345
649,dish_1551233375
650,dish_1551233403
651,dish_1551233434
652,dish_1551233491
653,dish_1551233523
654,dish_1551233573
655,dish_1551233610
656,dish_1551233633
657,dish_1551233708
658,dish_1551233745
659,dish_1551233802
660,dish_1551233827
661,dish_1551233859
662,dish_1551233938
663,dish_1551233982
664,dish_1551234017
665,dish_1551234046
666,dish_1551234106
667,dish_1551234185
668,dish_1551234214
669,dish_1551234252
670,dish_1551234288
671,dish_1551234316
672,dish_1551235109
673,dish_1551235171
674,dish_1551235211
675,dish_1551235240
676,dish_1551235270
677,dish_1551235561
678,dish_1551235600
679,dish_1551235669
680,dish_1551235699
681,dish_1551235759
682,dish_1551235868
683,dish_1551235946
684,dish_1551235983
685,dish_1551236011
686,dish_1551236159
687,dish_1551236417
688,dish_1551236466
689,dish_1551236495
690,dish_1551236521
691,dish_1551236550
692,dish_1551236621
693,dish_1551236657
694,dish_1551236712
695,dish_1551236775
696,dish_1551236827
697,dish_1551236949
698,dish_1551236981
699,dish_1551237016
700,dish_1551237046
701,dish_1551237079
702,dish_1551237180
703,dish_1551237231
704,dish_1551237274
705,dish_1551237321
706,dish_1551237348
707,dish_1551237436
708,dish_1551237463
709,dish_1551237498
710,dish_1551237527
711,dish_1551237558
712,dish_1551237607
713,dish_1551237710
714,dish_1551237778
715,dish_1551237814
716,dish_1551237854
717,dish_1551303168
718,dish_1551303285
719,dish_1551303338
720,dish_1551303437
721,dish_1551303476
722,dish_1551303644
723,dish_1551303727
724,dish_1551303770
725,dish_1551303822
726,dish_1551303866
727,dish_1551303912
728,dish_1551303984
729,dish_1551304110
730,dish_1551304155
731,dish_1551304197
732,dish_1551304349
733,dish_1551304456
734,dish_1551304571
735,dish_1551304608
736,dish_1551304741
737,dish_1551304854
738,dish_1551304973
739,dish_1551305168
740,dish_1551305209
741,dish_1551305257
742,dish_1551305410
743,dish_1551306241
744,dish_1551306290
745,dish_1551306339
746,dish_1551306375
747,dish_1551306452
748,dish_1551306491
749,dish_1551306561
750,dish_1551306647
751,dish_1551306691
752,dish_1551306798
753,dish_1551306860
754,dish_1551306958
755,dish_1551307013
756,dish_1551307090
757,dish_1551307170
758,dish_1551307258
759,dish_1551307325
760,dish_1551307361
761,dish_1551307394
762,dish_1551313782
763,dish_1551313822
764,dish_1551313872
765,dish_1551313896
766,dish_1551313924
767,dish_1551314022
768,dish_1551314048
769,dish_1551314095
770,dish_1551314121
771,dish_1551314163
772,dish_1551314254
773,dish_1551314290
774,dish_1551314337
775,dish_1551314360
776,dish_1551314390
777,dish_1551314442
778,dish_1551314496
779,dish_1551314531
780,dish_1551314560
781,dish_1551314589
782,dish_1551314669
783,dish_1551314810
784,dish_1551314855
785,dish_1551314927
786,dish_1551314967
787,dish_1551316737
788,dish_1551316788
789,dish_1551316838
790,dish_1551316878
791,dish_1551317350
792,dish_1551317449
793,dish_1551317508
794,dish_1551317589
795,dish_1551317628
796,dish_1551317743
797,dish_1551317998
798,dish_1551318068
799,dish_1551318183
800,dish_1551318377
801,dish_1551318422
802,dish_1551318504
803,dish_1551318543
804,dish_1551318603
805,dish_1551318673
806,dish_1551318716
807,dish_1551319895
808,dish_1551320684
809,dish_1551321715
810,dish_1551321757
811,dish_1551321793
812,dish_1551322577
813,dish_1551322652
814,dish_1551322714
815,dish_1551322755
816,dish_1551322804
817,dish_1551322890
818,dish_1551322934
819,dish_1551322988
820,dish_1551323035
821,dish_1551323073
822,dish_1551323219
823,dish_1551323262
824,dish_1551323309
825,dish_1551323342
826,dish_1551323381
827,dish_1551323433
828,dish_1551323487
829,dish_1551323574
830,dish_1551323618
831,dish_1551323662
832,dish_1551323794
833,dish_1551323866
834,dish_1551323937
835,dish_1551323969
836,dish_1551324010
837,dish_1551324079
838,dish_1551324180
839,dish_1551324246
840,dish_1551324284
841,dish_1551324331
842,dish_1551373181
843,dish_1551373253
844,dish_1551373647
845,dish_1551373738
846,dish_1551373813
847,dish_1551374021
848,dish_1551374155
849,dish_1551374189
850,dish_1551374222
851,dish_1551374332
852,dish_1551374440
853,dish_1551374463
854,dish_1551374502
855,dish_1551374527
856,dish_1551374560
857,dish_1551374604
858,dish_1551374665
859,dish_1551374712
860,dish_1551374746
861,dish_1551374783
862,dish_1551374831
863,dish_1551374895
864,dish_1551374946
865,dish_1551374982
866,dish_1551375027
867,dish_1551375086
868,dish_1551375142
869,dish_1551375189
870,dish_1551375218
871,dish_1551375252
872,dish_1551375297
873,dish_1551375366
874,dish_1551375411
875,dish_1551375443
876,dish_1551375480
877,dish_1551375596
878,dish_1551375650
879,dish_1551375715
880,dish_1551375747
881,dish_1551375783
882,dish_1551375848
883,dish_1551375933
884,dish_1551375981
885,dish_1551376575
886,dish_1551376623
887,dish_1551376692
888,dish_1551376850
889,dish_1551376892
890,dish_1551376933
891,dish_1551376970
892,dish_1551377052
893,dish_1551377094
894,dish_1551377135
895,dish_1551377177
896,dish_1551377209
897,dish_1551377316
898,dish_1551377388
899,dish_1551377438
900,dish_1551377473
901,dish_1551377521
902,dish_1551377674
903,dish_1551377737
904,dish_1551377782
905,dish_1551377828
906,dish_1551377874
907,dish_1551378018
908,dish_1551378054
909,dish_1551378099
910,dish_1551378151
911,dish_1551378179
912,dish_1551378291
913,dish_1551378344
914,dish_1551378397
915,dish_1551378449
916,dish_1551378490
917,dish_1551378584
918,dish_1551378635
919,dish_1551378684
920,dish_1551378719
921,dish_1551378762
922,dish_1551378829
923,dish_1551378898
924,dish_1551378955
925,dish_1551378996
926,dish_1551379045
927,dish_1551379162
928,dish_1551379252
929,dish_1551379331
930,dish_1551379379
931,dish_1551379408
932,dish_1551379478
933,dish_1551379524
934,dish_1551379566
935,dish_1551379605
936,dish_1551379654
937,dish_1551379741
938,dish_1551379788
939,dish_1551379852
940,dish_1551379881
941,dish_1551379922
942,dish_1551380856
943,dish_1551380910
944,dish_1551380950
945,dish_1551381050
946,dish_1551381103
947,dish_1551381173
948,dish_1551381208
949,dish_1551381249
950,dish_1551381285
951,dish_1551381321
952,dish_1551381365
953,dish_1551381404
954,dish_1551381450
955,dish_1551381496
956,dish_1551381555
957,dish_1551381661
958,dish_1551381730
959,dish_1551381829
960,dish_1551381877
961,dish_1551381921
962,dish_1551381990
963,dish_1551382060
964,dish_1551382115
965,dish_1551382149
966,dish_1551382179
967,dish_1551382255
968,dish_1551384024
969,dish_1551384080
970,dish_1551384115
971,dish_1551384167
972,dish_1551388984
973,dish_1551389118
974,dish_1551389176
975,dish_1551389218
976,dish_1551389268
977,dish_1551389387
978,dish_1551389458
979,dish_1551389506
980,dish_1551389551
981,dish_1551389588
982,dish_1551389684
983,dish_1551389749
984,dish_1551390006
985,dish_1551390051
986,dish_1551390087
987,dish_1551390215
988,dish_1551390265
989,dish_1551390304
990,dish_1551390341
991,dish_1551390382
992,dish_1551390429
993,dish_1551390474
994,dish_1551390528
995,dish_1551390560
996,dish_1551390594
997,dish_1551390651
998,dish_1551390758
999,dish_1551390802
1000,dish_1551390837
1001,dish_1551390872
1002,dish_1551390930
1003,dish_1551390979
1004,dish_1551391034
1005,dish_1551391083
1006,dish_1551391122
1007,dish_1551391197
1008,dish_1551391257
1009,dish_1551391302
1010,dish_1551391337
1011,dish_1551391379
1012,dish_1551391438
1013,dish_1551391477
1014,dish_1551391505
1015,dish_1551391543
1016,dish_1551391586
1017,dish_1551391672
1018,dish_1551391710
1019,dish_1551391733
1020,dish_1551391758
1021,dish_1551391795
1022,dish_1551392271
1023,dish_1551392316
1024,dish_1551392347
1025,dish_1551392376
1026,dish_1551392424
1027,dish_1551392519
1028,dish_1551392557
1029,dish_1551392590
1030,dish_1551392654
1031,dish_1551392701
1032,dish_1551392752
1033,dish_1551392833
1034,dish_1551392884
1035,dish_1551392919
1036,dish_1551392958
1037,dish_1551393021
1038,dish_1551393069
1039,dish_1551393113
1040,dish_1551393161
1041,dish_1551393210
1042,dish_1551394614
1043,dish_1551394781
1044,dish_1551394835
1045,dish_1551394874
1046,dish_1551394927
1047,dish_1551395022
1048,dish_1551395088
1049,dish_1551395194
1050,dish_1551395233
1051,dish_1551395269
1052,dish_1551395396
1053,dish_1551395512
1054,dish_1551395580
1055,dish_1551395766
1056,dish_1551395800
1057,dish_1551395909
1058,dish_1551395987
1059,dish_1551396061
1060,dish_1551396096
1061,dish_1551396309
1062,dish_1551396629
1063,dish_1551396678
1064,dish_1551397543
1065,dish_1551397591
1066,dish_1551397629
1067,dish_1551397714
1068,dish_1551397752
1069,dish_1551399031
1070,dish_1551399100
1071,dish_1551399151
1072,dish_1551399293
1073,dish_1551399340
1074,dish_1551399402
1075,dish_1551399449
1076,dish_1551399484
1077,dish_1551485983
1078,dish_1551486108
1079,dish_1551486158
1080,dish_1551486217
1081,dish_1551486277
1082,dish_1551486372
1083,dish_1551486411
1084,dish_1551486571
1085,dish_1551486628
1086,dish_1551486680
1087,dish_1551487117
1088,dish_1551487158
1089,dish_1551487288
1090,dish_1551487472
1091,dish_1551487560
1092,dish_1551487735
1093,dish_1551487779
1094,dish_1551488103
1095,dish_1551488137
1096,dish_1551488197
1097,dish_1551488324
1098,dish_1551488371
1099,dish_1551488415
1100,dish_1551488448
1101,dish_1551488485
1102,dish_1551488572
1103,dish_1551488691
1104,dish_1551488737
1105,dish_1551488776
1106,dish_1551488807
1107,dish_1551488861
1108,dish_1551489812
1109,dish_1551489885
1110,dish_1551489931
1111,dish_1551489961
1112,dish_1551490399
1113,dish_1551490433
1114,dish_1551490469
1115,dish_1551490503
1116,dish_1551490544
1117,dish_1551490670
1118,dish_1551490701
1119,dish_1551490740
1120,dish_1551490767
1121,dish_1551490819
1122,dish_1551490896
1123,dish_1551490962
1124,dish_1551491020
1125,dish_1551491048
1126,dish_1551491090
1127,dish_1551491179
1128,dish_1551491216
1129,dish_1551491271
1130,dish_1551491297
1131,dish_1551491326
1132,dish_1551491413
1133,dish_1551491452
1134,dish_1551492023
1135,dish_1551492056
1136,dish_1551492093
1137,dish_1551492252
1138,dish_1551492287
1139,dish_1551492318
1140,dish_1551492348
1141,dish_1551492369
1142,dish_1551492468
1143,dish_1551492506
1144,dish_1551492534
1145,dish_1551492561
1146,dish_1551492590
1147,dish_1551492666
1148,dish_1551492702
1149,dish_1551492732
1150,dish_1551492762
1151,dish_1551492790
1152,dish_1551492866
1153,dish_1551492908
1154,dish_1551492935
1155,dish_1551492975
1156,dish_1551493005
1157,dish_1551493123
1158,dish_1551493159
1159,dish_1551493236
1160,dish_1551493278
1161,dish_1551493311
1162,dish_1551493680
1163,dish_1551493698
1164,dish_1551493723
1165,dish_1551493749
1166,dish_1551493773
1167,dish_1551493823
1168,dish_1551493854
1169,dish_1551493883
1170,dish_1551493916
1171,dish_1551493942
1172,dish_1551494035
1173,dish_1551494058
1174,dish_1551494095
1175,dish_1551494147
1176,dish_1551494178
1177,dish_1551562881
1178,dish_1551563001
1179,dish_1551563119
1180,dish_1551563170
1181,dish_1551563213
1182,dish_1551563294
1183,dish_1551563337
1184,dish_1551563370
1185,dish_1551563400
1186,dish_1551563429
1187,dish_1551563511
1188,dish_1551563550
1189,dish_1551563591
1190,dish_1551563627
1191,dish_1551563660
1192,dish_1551563723
1193,dish_1551563773
1194,dish_1551563824
1195,dish_1551563853
1196,dish_1551563890
1197,dish_1551563925
1198,dish_1551563964
1199,dish_1551564016
1200,dish_1551564053
1201,dish_1551564084
1202,dish_1551564131
1203,dish_1551564176
1204,dish_1551564221
1205,dish_1551564255
1206,dish_1551564282
1207,dish_1551564352
1208,dish_1551564381
1209,dish_1551564423
1210,dish_1551564456
1211,dish_1551564480
1212,dish_1551564543
1213,dish_1551564577
1214,dish_1551564637
1215,dish_1551564857
1216,dish_1551564907
1217,dish_1551564947
1218,dish_1551564992
1219,dish_1551565034
1220,dish_1551565068
1221,dish_1551565096
1222,dish_1551565168
1223,dish_1551565204
1224,dish_1551565237
1225,dish_1551565289
1226,dish_1551565321
1227,dish_1551565379
1228,dish_1551565425
1229,dish_1551565464
1230,dish_1551565495
1231,dish_1551565529
1232,dish_1551565570
1233,dish_1551565613
1234,dish_1551565653
1235,dish_1551565720
1236,dish_1551565752
1237,dish_1551565797
1238,dish_1551565845
1239,dish_1551565884
1240,dish_1551565909
1241,dish_1551565945
1242,dish_1551565996
1243,dish_1551566047
1244,dish_1551566083
1245,dish_1551566130
1246,dish_1551566159
1247,dish_1551566208
1248,dish_1551566236
1249,dish_1551566277
1250,dish_1551566316
1251,dish_1551566356
1252,dish_1551566421
1253,dish_1551566464
1254,dish_1551566499
1255,dish_1551566524
1256,dish_1551566547
1257,dish_1551566592
1258,dish_1551566642
1259,dish_1551566687
1260,dish_1551566753
1261,dish_1551566781
1262,dish_1551566851
1263,dish_1551566887
1264,dish_1551566922
1265,dish_1551566974
1266,dish_1551567004
1267,dish_1551567084
1268,dish_1551567106
1269,dish_1551567141
1270,dish_1551567170
1271,dish_1551567230
1272,dish_1551567293
1273,dish_1551567329
1274,dish_1551567368
1275,dish_1551567396
1276,dish_1551567426
1277,dish_1551567471
1278,dish_1551567508
1279,dish_1551567541
1280,dish_1551567573
1281,dish_1551567604
1282,dish_1551567650
1283,dish_1551567694
1284,dish_1551567731
1285,dish_1551567775
1286,dish_1551567805
1287,dish_1551567848
1288,dish_1551567896
1289,dish_1551567937
1290,dish_1551567964
1291,dish_1551567992
1292,dish_1551568059
1293,dish_1551568156
1294,dish_1551568200
1295,dish_1551568240
1296,dish_1551568285
1297,dish_1556573514
1298,dish_1556575014
1299,dish_1556575083
1300,dish_1556575124
1301,dish_1556575273
1302,dish_1556575327
1303,dish_1556575386
1304,dish_1556575446
1305,dish_1556575499
1306,dish_1556575558
1307,dish_1556575700
1308,dish_1557853154
1309,dish_1557853229
1310,dish_1557853314
1311,dish_1557853429
1312,dish_1557861216
1313,dish_1557861605
1314,dish_1557861697
1315,dish_1557861795
1316,dish_1557861837
1317,dish_1557862345
1318,dish_1557862384
1319,dish_1557862696
1320,dish_1557862738
1321,dish_1557862783
1322,dish_1557862829
1323,dish_1557863012
1324,dish_1557863056
1325,dish_1557863104
1326,dish_1557863170
1327,dish_1557936555
1328,dish_1557936599
1329,dish_1557936645
1330,dish_1557937037
1331,dish_1557937079
1332,dish_1557937157
1333,dish_1557937335
1334,dish_1557937427
1335,dish_1557937574
1336,dish_1557937615
1337,dish_1557937715
1338,dish_1557937758
1339,dish_1558026623
1340,dish_1558026684
1341,dish_1558026714
1342,dish_1558026756
1343,dish_1558027001
1344,dish_1558027057
1345,dish_1558027164
1346,dish_1558027243
1347,dish_1558028007
1348,dish_1558028057
1349,dish_1558028142
1350,dish_1558028194
1351,dish_1558028492
1352,dish_1558028606
1353,dish_1558028690
1354,dish_1558028772
1355,dish_1558029148
1356,dish_1558029230
1357,dish_1558029278
1358,dish_1558029324
1359,dish_1558029686
1360,dish_1558029842
1361,dish_1558029923
1362,dish_1558030182
1363,dish_1558030289
1364,dish_1558030383
1365,dish_1558030435
1366,dish_1558030724
1367,dish_1558030832
1368,dish_1558030910
1369,dish_1558030971
1370,dish_1558031019
1371,dish_1558031133
1372,dish_1558031237
1373,dish_1558031302
1374,dish_1558031351
1375,dish_1558031394
1376,dish_1558031526
1377,dish_1558031566
1378,dish_1558031628
1379,dish_1558032156
1380,dish_1558113154
1381,dish_1558113204
1382,dish_1558113255
1383,dish_1558113304
1384,dish_1558113430
1385,dish_1558113477
1386,dish_1558113941
1387,dish_1558114086
1388,dish_1558114145
1389,dish_1558114209
1390,dish_1558114284
1391,dish_1558114441
1392,dish_1558114484
1393,dish_1558114523
1394,dish_1558114569
1395,dish_1558114609
1396,dish_1558114875
1397,dish_1558114937
1398,dish_1558115011
1399,dish_1558115047
1400,dish_1558115169
1401,dish_1558115241
1402,dish_1558115282
1403,dish_1558115320
1404,dish_1558115364
1405,dish_1558115448
1406,dish_1558115512
1407,dish_1558115601
1408,dish_1558115641
1409,dish_1558115764
1410,dish_1558115825
1411,dish_1558115867
1412,dish_1558115915
1413,dish_1558115960
1414,dish_1558116001
1415,dish_1558116090
1416,dish_1558116146
1417,dish_1558116201
1418,dish_1558116260
1419,dish_1558116298
1420,dish_1558116399
1421,dish_1558116436
1422,dish_1558116486
1423,dish_1558116547
1424,dish_1558122583
1425,dish_1558122740
1426,dish_1558372433
1427,dish_1558372525
1428,dish_1558372650
1429,dish_1558372695
1430,dish_1558372771
1431,dish_1558372948
1432,dish_1558373008
1433,dish_1558373074
1434,dish_1558373159
1435,dish_1558373284
1436,dish_1558373352
1437,dish_1558373405
1438,dish_1558373449
1439,dish_1558373492
1440,dish_1558373639
1441,dish_1558373687
1442,dish_1558375506
1443,dish_1558375583
1444,dish_1558375667
1445,dish_1558375732
1446,dish_1558375833
1447,dish_1558375886
1448,dish_1558376212
1449,dish_1558376306
1450,dish_1558376364
1451,dish_1558376437
1452,dish_1558376483
1453,dish_1558376734
1454,dish_1558376768
1455,dish_1558376801
1456,dish_1558376874
1457,dish_1558376938
1458,dish_1558376984
1459,dish_1558377105
1460,dish_1558378516
1461,dish_1558378553
1462,dish_1558378634
1463,dish_1558379128
1464,dish_1558379182
1465,dish_1558379273
1466,dish_1558379324
1467,dish_1558379391
1468,dish_1558379588
1469,dish_1558379639
1470,dish_1558379712
1471,dish_1558379876
1472,dish_1558380014
1473,dish_1558380058
1474,dish_1558380152
1475,dish_1558380181
1476,dish_1558380414
1477,dish_1558380464
1478,dish_1558380527
1479,dish_1558380557
1480,dish_1558380804
1481,dish_1558381032
1482,dish_1558381084
1483,dish_1558381143
1484,dish_1558381206
1485,dish_1558381665
1486,dish_1558381708
1487,dish_1558381742
1488,dish_1558381819
1489,dish_1558381840
1490,dish_1558381860
1491,dish_1558381943
1492,dish_1558382263
1493,dish_1558457415
1494,dish_1558457468
1495,dish_1558457530
1496,dish_1558457577
1497,dish_1558457665
1498,dish_1558458438
1499,dish_1558458496
1500,dish_1558458541
1501,dish_1558458584
1502,dish_1558458737
1503,dish_1558458847
1504,dish_1558458903
1505,dish_1558459020
1506,dish_1558459059
1507,dish_1558459115
1508,dish_1558459276
1509,dish_1558459395
1510,dish_1558459462
1511,dish_1558459528
1512,dish_1558459602
1513,dish_1558459664
1514,dish_1558459945
1515,dish_1558459994
1516,dish_1558460061
1517,dish_1558460138
1518,dish_1558460205
1519,dish_1558460908
1520,dish_1558461431
1521,dish_1558461607
1522,dish_1558461692
1523,dish_1558461760
1524,dish_1558461792
1525,dish_1558462036
1526,dish_1558462106
1527,dish_1558462228
1528,dish_1558462531
1529,dish_1558463113
1530,dish_1558463362
1531,dish_1558463429
1532,dish_1558463562
1533,dish_1558463690
1534,dish_1558468401
1535,dish_1558468435
1536,dish_1558468494
1537,dish_1558468547
1538,dish_1558468589
1539,dish_1558468632
1540,dish_1558544427
1541,dish_1558544482
1542,dish_1558544663
1543,dish_1558544870
1544,dish_1558545738
1545,dish_1558546434
1546,dish_1558546558
1547,dish_1558546663
1548,dish_1558546918
1549,dish_1558547008
1550,dish_1558547068
1551,dish_1558547124
1552,dish_1558547205
1553,dish_1558548666
1554,dish_1558548958
1555,dish_1558549008
1556,dish_1558549086
1557,dish_1558549150
1558,dish_1558549214
1559,dish_1558549413
1560,dish_1558549605
1561,dish_1558549773
1562,dish_1558549806
1563,dish_1558550079
1564,dish_1558550127
1565,dish_1558550181
1566,dish_1558550218
1567,dish_1559585533
1568,dish_1559589873
1569,dish_1559589902
1570,dish_1559589942
1571,dish_1559590005
1572,dish_1559590031
1573,dish_1559590099
1574,dish_1559590130
1575,dish_1559590157
1576,dish_1559590202
1577,dish_1559593646
1578,dish_1559593722
1579,dish_1559593746
1580,dish_1559593794
1581,dish_1559667948
1582,dish_1559667973
1583,dish_1559667994
1584,dish_1559668016
1585,dish_1559668238
1586,dish_1559668272
1587,dish_1559668314
1588,dish_1559674074
1589,dish_1559674689
1590,dish_1559674781
1591,dish_1559674866
1592,dish_1559675101
1593,dish_1559675146
1594,dish_1559675178
1595,dish_1559675234
1596,dish_1559675268
1597,dish_1559678083
1598,dish_1559678104
1599,dish_1559678127
1600,dish_1559678146
1601,dish_1559678330
1602,dish_1559678367
1603,dish_1559678405
1604,dish_1559678457
1605,dish_1559678629
1606,dish_1559678651
1607,dish_1559700851
1608,dish_1559751458
1609,dish_1559751552
1610,dish_1559751710
1611,dish_1559751744
1612,dish_1559751775
1613,dish_1559751801
1614,dish_1559838214
1615,dish_1559838279
1616,dish_1559838402
1617,dish_1559841023
1618,dish_1559841061
1619,dish_1559841091
1620,dish_1559841127
1621,dish_1559841163
1622,dish_1559841571
1623,dish_1559841781
1624,dish_1559841808
1625,dish_1559841870
1626,dish_1559841891
1627,dish_1559841908
1628,dish_1559841950
1629,dish_1559841979
1630,dish_1559842047
1631,dish_1559842136
1632,dish_1559842274
1633,dish_1559842326
1634,dish_1559842374
1635,dish_1559842409
1636,dish_1559843030
1637,dish_1559843052
1638,dish_1559843185
1639,dish_1559843222
1640,dish_1559843335
1641,dish_1559843492
1642,dish_1559843690
1643,dish_1559843715
1644,dish_1559844030
1645,dish_1559844063
1646,dish_1559844090
1647,dish_1559844113
1648,dish_1559844272
1649,dish_1559844323
1650,dish_1559844366
1651,dish_1559844458
1652,dish_1559844479
1653,dish_1559844490
1654,dish_1559844506
1655,dish_1559844611
1656,dish_1559844657
1657,dish_1559844683
1658,dish_1559844928
1659,dish_1559844951
1660,dish_1559845018
1661,dish_1559845046
1662,dish_1559845290
1663,dish_1559845370
1664,dish_1559845399
1665,dish_1559845513
1666,dish_1559845637
1667,dish_1559845745
1668,dish_1559845767
1669,dish_1559846034
1670,dish_1559846073
1671,dish_1559846099
1672,dish_1559846311
1673,dish_1559846334
1674,dish_1559846363
1675,dish_1559846450
1676,dish_1559846504
1677,dish_1559846528
1678,dish_1559846585
1679,dish_1559846688
1680,dish_1559846825
1681,dish_1559848857
1682,dish_1559848882
1683,dish_1559848929
1684,dish_1559849020
1685,dish_1559849053
1686,dish_1559849097
1687,dish_1559849412
1688,dish_1559849466
1689,dish_1559849497
1690,dish_1559849537
1691,dish_1559850283
1692,dish_1559850314
1693,dish_1559850338
1694,dish_1559925037
1695,dish_1559925083
1696,dish_1559925174
1697,dish_1559932674
1698,dish_1559933793
1699,dish_1559933818
1700,dish_1559933834
1701,dish_1559934477
1702,dish_1559934645
1703,dish_1559934679
1704,dish_1559934708
1705,dish_1560203400
1706,dish_1560203424
1707,dish_1560270537
1708,dish_1560270585
1709,dish_1560270630
1710,dish_1560356314
1711,dish_1560356337
1712,dish_1560356355
1713,dish_1560356523
1714,dish_1560356566
1715,dish_1560356627
1716,dish_1560357267
1717,dish_1560357297
1718,dish_1560357427
1719,dish_1560357792
1720,dish_1560357832
1721,dish_1560360055
1722,dish_1560360102
1723,dish_1560360112
1724,dish_1560360148
1725,dish_1560366389
1726,dish_1560366410
1727,dish_1560366438
1728,dish_1560366460
1729,dish_1560366963
1730,dish_1560366998
1731,dish_1560367085
1732,dish_1560367116
1733,dish_1560367153
1734,dish_1560367193
1735,dish_1560367258
1736,dish_1560367296
1737,dish_1560367333
1738,dish_1560367676
1739,dish_1560367698
1740,dish_1560367715
1741,dish_1560367733
1742,dish_1560367904
1743,dish_1560367926
1744,dish_1560367952
1745,dish_1560367980
1746,dish_1560368019
1747,dish_1560368110
1748,dish_1560368138
1749,dish_1560368162
1750,dish_1560368395
1751,dish_1560368464
1752,dish_1560368506
1753,dish_1560368570
1754,dish_1560368691
1755,dish_1560368712
1756,dish_1560368738
1757,dish_1560368764
1758,dish_1560368815
1759,dish_1560368944
1760,dish_1560368972
1761,dish_1560368990
1762,dish_1560369008
1763,dish_1560369080
1764,dish_1560369102
1765,dish_1560369122
1766,dish_1560369146
1767,dish_1560369255
1768,dish_1560369273
1769,dish_1560369294
1770,dish_1560369313
1771,dish_1560369403
1772,dish_1560369421
1773,dish_1560370114
1774,dish_1560370137
1775,dish_1560370804
1776,dish_1560370833
1777,dish_1560441247
1778,dish_1560441270
1779,dish_1560441288
1780,dish_1560441311
1781,dish_1560441339
1782,dish_1560441464
1783,dish_1560441487
1784,dish_1560441511
1785,dish_1560441529
1786,dish_1560442226
1787,dish_1560442258
1788,dish_1560442279
1789,dish_1560442303
1790,dish_1560442374
1791,dish_1560442450
1792,dish_1560443437
1793,dish_1560443474
1794,dish_1560443537
1795,dish_1560443565
1796,dish_1560443607
1797,dish_1560444570
1798,dish_1560444592
1799,dish_1560444616
1800,dish_1560444637
1801,dish_1560444701
1802,dish_1560444724
1803,dish_1560444756
1804,dish_1560444785
1805,dish_1560444815
1806,dish_1560444869
1807,dish_1560444892
1808,dish_1560444914
1809,dish_1560444931
1810,dish_1560444948
1811,dish_1560444967
1812,dish_1560444985
1813,dish_1560445004
1814,dish_1560445069
1815,dish_1560453132
1816,dish_1560453150
1817,dish_1560453174
1818,dish_1560453275
1819,dish_1560453294
1820,dish_1560453328
1821,dish_1560453356
1822,dish_1560453380
1823,dish_1560453412
1824,dish_1560454488
1825,dish_1560454513
1826,dish_1560454539
1827,dish_1560454562
1828,dish_1560454970
1829,dish_1560455000
1830,dish_1560455030
1831,dish_1560455059
1832,dish_1560455090
1833,dish_1560455158
1834,dish_1560455179
1835,dish_1560455203
1836,dish_1560455224
1837,dish_1560455263
1838,dish_1560455343
1839,dish_1560455380
1840,dish_1560455399
1841,dish_1560455421
1842,dish_1560455442
1843,dish_1560456305
1844,dish_1560456326
1845,dish_1560456348
1846,dish_1560456370
1847,dish_1560456794
1848,dish_1560456814
1849,dish_1560456833
1850,dish_1560456853
1851,dish_1560526408
1852,dish_1560526447
1853,dish_1560526472
1854,dish_1560526490
1855,dish_1560526514
1856,dish_1560526530
1857,dish_1560526552
1858,dish_1560527070
1859,dish_1560527105
1860,dish_1560527140
1861,dish_1560527168
1862,dish_1560527191
1863,dish_1560527225
1864,dish_1560527745
1865,dish_1560527950
1866,dish_1560529804
1867,dish_1560529825
1868,dish_1560529844
1869,dish_1560539314
1870,dish_1560539340
1871,dish_1560539368
1872,dish_1560539396
1873,dish_1560541680
1874,dish_1560541706
1875,dish_1560541760
1876,dish_1560541793
1877,dish_1560543505
1878,dish_1560543525
1879,dish_1560543557
1880,dish_1560543583
1881,dish_1560543605
1882,dish_1560543625
1883,dish_1560543682
1884,dish_1560543704
1885,dish_1560543729
1886,dish_1560543755
1887,dish_1560787696
1888,dish_1560787754
1889,dish_1560787781
1890,dish_1560787817
1891,dish_1560788338
1892,dish_1560788349
1893,dish_1560788384
1894,dish_1560798656
1895,dish_1560798707
1896,dish_1560798744
1897,dish_1560798785
1898,dish_1560798815
1899,dish_1560798854
1900,dish_1560798928
1901,dish_1560798960
1902,dish_1560799113
1903,dish_1560799277
1904,dish_1560799368
1905,dish_1560799407
1906,dish_1560799558
1907,dish_1560799590
1908,dish_1560799615
1909,dish_1560799647
1910,dish_1560800836
1911,dish_1560800918
1912,dish_1560800951
1913,dish_1560800988
1914,dish_1560801020
1915,dish_1560801041
1916,dish_1560801773
1917,dish_1560801797
1918,dish_1560801829
1919,dish_1560801859
1920,dish_1560801883
1921,dish_1560802006
1922,dish_1560802048
1923,dish_1560802092
1924,dish_1560802149
1925,dish_1560802562
1926,dish_1560802730
1927,dish_1560802764
1928,dish_1560802853
1929,dish_1560874548
1930,dish_1560874667
1931,dish_1560874726
1932,dish_1560874751
1933,dish_1560887408
1934,dish_1560887435
1935,dish_1560887457
1936,dish_1560887480
1937,dish_1560888817
1938,dish_1560888849
1939,dish_1560888893
1940,dish_1560888930
1941,dish_1560889008
1942,dish_1560889032
1943,dish_1560889061
1944,dish_1560961012
1945,dish_1560961059
1946,dish_1560961107
1947,dish_1560961179
1948,dish_1560961202
1949,dish_1560961261
1950,dish_1560961385
1951,dish_1560973936
1952,dish_1560973958
1953,dish_1560973984
1954,dish_1560974009
1955,dish_1560974707
1956,dish_1560974769
1957,dish_1560975346
1958,dish_1560975491
1959,dish_1560975517
1960,dish_1560975572
1961,dish_1560975601
1962,dish_1560975628
1963,dish_1560976044
1964,dish_1561049320
1965,dish_1561049373
1966,dish_1561049409
1967,dish_1561049435
1968,dish_1561060448
1969,dish_1561060477
1970,dish_1561060503
1971,dish_1561060531
1972,dish_1561060558
1973,dish_1561060613
1974,dish_1561060642
1975,dish_1561060703
1976,dish_1561060787
1977,dish_1561060976
1978,dish_1561061123
1979,dish_1561061593
1980,dish_1561061630
1981,dish_1561061658
1982,dish_1561061687
1983,dish_1561062171
1984,dish_1561062237
1985,dish_1561062286
1986,dish_1561062320
1987,dish_1561062555
1988,dish_1561062586
1989,dish_1561134102
1990,dish_1561134128
1991,dish_1561134156
1992,dish_1561145732
1993,dish_1561146758
1994,dish_1561146781
1995,dish_1561147944
1996,dish_1561147967
1997,dish_1561147997
1998,dish_1561148021
1999,dish_1561148042
2000,dish_1561148303
2001,dish_1561148336
2002,dish_1561148481
2003,dish_1561392386
2004,dish_1561392410
2005,dish_1561392430
2006,dish_1561392459
2007,dish_1561392512
2008,dish_1561392543
2009,dish_1561392570
2010,dish_1561392593
2011,dish_1561392632
2012,dish_1561392710
2013,dish_1561392734
2014,dish_1561393550
2015,dish_1561393619
2016,dish_1561393649
2017,dish_1561393715
2018,dish_1561393741
2019,dish_1561393764
2020,dish_1561404438
2021,dish_1561404458
2022,dish_1561404485
2023,dish_1561404505
2024,dish_1561404924
2025,dish_1561404956
2026,dish_1561405008
2027,dish_1561405034
2028,dish_1561405332
2029,dish_1561405356
2030,dish_1561405389
2031,dish_1561405411
2032,dish_1561405836
2033,dish_1561405864
2034,dish_1561405887
2035,dish_1561405912
2036,dish_1561405934
2037,dish_1561406762
2038,dish_1561406789
2039,dish_1561406817
2040,dish_1561407208
2041,dish_1561407249
2042,dish_1561407283
2043,dish_1561407312
2044,dish_1561480391
2045,dish_1561480414
2046,dish_1561480439
2047,dish_1561480460
2048,dish_1561481577
2049,dish_1561481606
2050,dish_1561481634
2051,dish_1561481673
2052,dish_1561491121
2053,dish_1561491154
2054,dish_1561491180
2055,dish_1561491210
2056,dish_1561492161
2057,dish_1561492182
2058,dish_1561492204
2059,dish_1561492228
2060,dish_1561492447
2061,dish_1561492519
2062,dish_1561492628
2063,dish_1561492665
2064,dish_1561492687
2065,dish_1561492703
2066,dish_1561493975
2067,dish_1561494001
2068,dish_1561494032
2069,dish_1561567053
2070,dish_1561567086
2071,dish_1561574215
2072,dish_1561574368
2073,dish_1561574394
2074,dish_1561574428
2075,dish_1561574456
2076,dish_1561574479
2077,dish_1561574600
2078,dish_1561574623
2079,dish_1561574783
2080,dish_1561574815
2081,dish_1561574848
2082,dish_1561574974
2083,dish_1561575033
2084,dish_1561575068
2085,dish_1561575170
2086,dish_1561575192
2087,dish_1561575274
2088,dish_1561575300
2089,dish_1561575327
2090,dish_1561575347
2091,dish_1561575410
2092,dish_1561575445
2093,dish_1561575474
2094,dish_1561575506
2095,dish_1561575613
2096,dish_1561575661
2097,dish_1561575688
2098,dish_1561575908
2099,dish_1561575951
2100,dish_1561575977
2101,dish_1561575996
2102,dish_1561576026
2103,dish_1561576051
2104,dish_1561576074
2105,dish_1561576212
2106,dish_1561576257
2107,dish_1561576295
2108,dish_1561576320
2109,dish_1561576449
2110,dish_1561576483
2111,dish_1561576590
2112,dish_1561576618
2113,dish_1561576652
2114,dish_1561576680
2115,dish_1561576707
2116,dish_1561576737
2117,dish_1561576767
2118,dish_1561576794
2119,dish_1561576887
2120,dish_1561576916
2121,dish_1561576954
2122,dish_1561576978
2123,dish_1561577083
2124,dish_1561577119
2125,dish_1561577146
2126,dish_1561577177
2127,dish_1561577198
2128,dish_1561577219
2129,dish_1561577549
2130,dish_1561577573
2131,dish_1561577598
2132,dish_1561577678
2133,dish_1561577701
2134,dish_1561577731
2135,dish_1561577848
2136,dish_1561577947
2137,dish_1561578156
2138,dish_1561578188
2139,dish_1561578226
2140,dish_1561578323
2141,dish_1561578344
2142,dish_1561578373
2143,dish_1561578394
2144,dish_1561578417
2145,dish_1561578441
2146,dish_1561578461
2147,dish_1561578570
2148,dish_1561578603
2149,dish_1561578623
2150,dish_1561578676
2151,dish_1561578775
2152,dish_1561578800
2153,dish_1561578839
2154,dish_1561578865
2155,dish_1561578898
2156,dish_1561579505
2157,dish_1561579576
2158,dish_1561579617
2159,dish_1561579673
2160,dish_1561579706
2161,dish_1561579824
2162,dish_1561579845
2163,dish_1561579867
2164,dish_1561579902
2165,dish_1561579933
2166,dish_1561580278
2167,dish_1561580322
2168,dish_1561580370
2169,dish_1561580406
2170,dish_1561580431
2171,dish_1561580552
2172,dish_1561580608
2173,dish_1561580628
2174,dish_1561580659
2175,dish_1561654326
2176,dish_1561654346
2177,dish_1561654374
2178,dish_1561654392
2179,dish_1561654707
2180,dish_1561654732
2181,dish_1561654756
2182,dish_1561661324
2183,dish_1561661347
2184,dish_1561661377
2185,dish_1561661449
2186,dish_1561661479
2187,dish_1561661500
2188,dish_1561661552
2189,dish_1561661806
2190,dish_1561661850
2191,dish_1561661972
2192,dish_1561662022
2193,dish_1561662054
2194,dish_1561662160
2195,dish_1561662190
2196,dish_1561662216
2197,dish_1561662358
2198,dish_1561662458
2199,dish_1561662501
2200,dish_1561662532
2201,dish_1561662562
2202,dish_1561662814
2203,dish_1561662842
2204,dish_1561662869
2205,dish_1561662926
2206,dish_1561662948
2207,dish_1561663068
2208,dish_1561663541
2209,dish_1561663580
2210,dish_1561663606
2211,dish_1561663786
2212,dish_1561663817
2213,dish_1561663855
2214,dish_1561663891
2215,dish_1561663914
2216,dish_1561663990
2217,dish_1561664013
2218,dish_1561664042
2219,dish_1561664061
2220,dish_1561664977
2221,dish_1561665024
2222,dish_1561665065
2223,dish_1561665378
2224,dish_1561665422
2225,dish_1561665452
2226,dish_1561665626
2227,dish_1561665671
2228,dish_1561665706
2229,dish_1561665747
2230,dish_1561666619
2231,dish_1561666640
2232,dish_1561666761
2233,dish_1561666794
2234,dish_1561666821
2235,dish_1561666849
2236,dish_1561666875
2237,dish_1561666897
2238,dish_1561666923
2239,dish_1561667207
2240,dish_1561667430
2241,dish_1561736715
2242,dish_1561736736
2243,dish_1561737176
2244,dish_1561737200
2245,dish_1561737223
2246,dish_1561737248
2247,dish_1561737271
2248,dish_1561737293
2249,dish_1561737776
2250,dish_1561737839
2251,dish_1561739160
2252,dish_1561739212
2253,dish_1561739238
2254,dish_1561739265
2255,dish_1561739576
2256,dish_1561739623
2257,dish_1561739649
2258,dish_1561739719
2259,dish_1561739760
2260,dish_1561739805
2261,dish_1561739930
2262,dish_1561739954
2263,dish_1561739973
2264,dish_1561740321
2265,dish_1561740353
2266,dish_1561740385
2267,dish_1561740411
2268,dish_1561741063
2269,dish_1561741090
2270,dish_1561741139
2271,dish_1561741174
2272,dish_1561746876
2273,dish_1561746912
2274,dish_1561746970
2275,dish_1561747075
2276,dish_1561748274
2277,dish_1561748862
2278,dish_1561748950
2279,dish_1561749016
2280,dish_1561749061
2281,dish_1561749348
2282,dish_1561749392
2283,dish_1561749664
2284,dish_1561749711
2285,dish_1561749750
2286,dish_1561749778
2287,dish_1561749818
2288,dish_1561749857
2289,dish_1561749908
2290,dish_1561751897
2291,dish_1561751958
2292,dish_1561752035
2293,dish_1561752449
2294,dish_1561752481
2295,dish_1561752509
2296,dish_1561752535
2297,dish_1561752563
2298,dish_1561752680
2299,dish_1561752970
2300,dish_1561752996
2301,dish_1561753021
2302,dish_1561753075
2303,dish_1561753168
2304,dish_1561753203
2305,dish_1561753238
2306,dish_1561753275
2307,dish_1561753371
2308,dish_1561753400
2309,dish_1561753432
2310,dish_1561753477
2311,dish_1561753589
2312,dish_1561753623
2313,dish_1561753649
2314,dish_1561999287
2315,dish_1561999309
2316,dish_1561999332
2317,dish_1561999355
2318,dish_1561999624
2319,dish_1561999706
2320,dish_1562007739
2321,dish_1562007763
2322,dish_1562007789
2323,dish_1562007817
2324,dish_1562007842
2325,dish_1562007866
2326,dish_1562007904
2327,dish_1562008394
2328,dish_1562008429
2329,dish_1562008476
2330,dish_1562008517
2331,dish_1562008549
2332,dish_1562008695
2333,dish_1562008738
2334,dish_1562008780
2335,dish_1562008813
2336,dish_1562008842
2337,dish_1562008936
2338,dish_1562008979
2339,dish_1562009006
2340,dish_1562009098
2341,dish_1562009120
2342,dish_1562009148
2343,dish_1562009182
2344,dish_1562009314
2345,dish_1562009810
2346,dish_1562009894
2347,dish_1562009934
2348,dish_1562010048
2349,dish_1562010085
2350,dish_1562010130
2351,dish_1562010266
2352,dish_1562010293
2353,dish_1562010315
2354,dish_1562010369
2355,dish_1562010394
2356,dish_1562010418
2357,dish_1562010440
2358,dish_1562010821
2359,dish_1562010865
2360,dish_1562010891
2361,dish_1562010929
2362,dish_1562011727
2363,dish_1562011765
2364,dish_1562011794
2365,dish_1562012048
2366,dish_1562012076
2367,dish_1562085132
2368,dish_1562085163
2369,dish_1562085185
2370,dish_1562085604
2371,dish_1562085672
2372,dish_1562086037
2373,dish_1562086067
2374,dish_1562086116
2375,dish_1562086501
2376,dish_1562086564
2377,dish_1562086595
2378,dish_1562086702
2379,dish_1562086740
2380,dish_1562094621
2381,dish_1562094694
2382,dish_1562094730
2383,dish_1562094877
2384,dish_1562094931
2385,dish_1562095283
2386,dish_1562095340
2387,dish_1562096343
2388,dish_1562096372
2389,dish_1562096401
2390,dish_1562096512
2391,dish_1562096542
2392,dish_1562096584
2393,dish_1562096608
2394,dish_1562096633
2395,dish_1562096907
2396,dish_1562096933
2397,dish_1562096973
2398,dish_1562097001
2399,dish_1562097624
2400,dish_1562097653
2401,dish_1562097673
2402,dish_1562099053
2403,dish_1562099076
2404,dish_1562099102
2405,dish_1562099134
2406,dish_1562099157
2407,dish_1562168365
2408,dish_1562168399
2409,dish_1562168427
2410,dish_1562168450
2411,dish_1562168471
2412,dish_1562168648
2413,dish_1562168673
2414,dish_1562168696
2415,dish_1562168800
2416,dish_1562169729
2417,dish_1562169762
2418,dish_1562169818
2419,dish_1562169840
2420,dish_1562170163
2421,dish_1562170207
2422,dish_1562170236
2423,dish_1562170331
2424,dish_1562170356
2425,dish_1562172561
2426,dish_1562172600
2427,dish_1562172643
2428,dish_1562173111
2429,dish_1562173175
2430,dish_1562173200
2431,dish_1562173247
2432,dish_1562173267
2433,dish_1562173381
2434,dish_1562173411
2435,dish_1562173742
2436,dish_1562179966
2437,dish_1562180025
2438,dish_1562180089
2439,dish_1562180157
2440,dish_1562181217
2441,dish_1562181247
2442,dish_1562181285
2443,dish_1562183065
2444,dish_1562183096
2445,dish_1562183125
2446,dish_1562183151
2447,dish_1562183175
2448,dish_1562183201
2449,dish_1562184604
2450,dish_1562184628
2451,dish_1562184663
2452,dish_1562184705
2453,dish_1562602589
2454,dish_1562602627
2455,dish_1562602657
2456,dish_1562602687
2457,dish_1562602803
2458,dish_1562602832
2459,dish_1562602860
2460,dish_1562602888
2461,dish_1562602918
2462,dish_1562602945
2463,dish_1562603536
2464,dish_1562603569
2465,dish_1562603598
2466,dish_1562603626
2467,dish_1562603813
2468,dish_1562603842
2469,dish_1562603867
2470,dish_1562603895
2471,dish_1562605315
2472,dish_1562605352
2473,dish_1562605384
2474,dish_1562605411
2475,dish_1562611522
2476,dish_1562611580
2477,dish_1562611620
2478,dish_1562611649
2479,dish_1562611680
2480,dish_1562611824
2481,dish_1562611853
2482,dish_1562611878
2483,dish_1562612974
2484,dish_1562613010
2485,dish_1562613045
2486,dish_1562613285
2487,dish_1562613340
2488,dish_1562613376
2489,dish_1562613403
2490,dish_1562613867
2491,dish_1562613898
2492,dish_1562613918
2493,dish_1562613974
2494,dish_1562614088
2495,dish_1562614121
2496,dish_1562614158
2497,dish_1562614895
2498,dish_1562614921
2499,dish_1562614952
2500,dish_1562614980
2501,dish_1562615070
2502,dish_1562615103
2503,dish_1562615128
2504,dish_1562615153
2505,dish_1562615283
2506,dish_1562615324
2507,dish_1562615360
2508,dish_1562615388
2509,dish_1562617370
2510,dish_1562617395
2511,dish_1562617416
2512,dish_1562617446
2513,dish_1562617470
2514,dish_1562617492
2515,dish_1562617703
2516,dish_1562617939
2517,dish_1562617972
2518,dish_1562618000
2519,dish_1562686492
2520,dish_1562686520
2521,dish_1562686548
2522,dish_1562686577
2523,dish_1562686664
2524,dish_1562687246
2525,dish_1562687274
2526,dish_1562687299
2527,dish_1562687527
2528,dish_1562687554
2529,dish_1562688382
2530,dish_1562688426
2531,dish_1562688482
2532,dish_1562688524
2533,dish_1562688552
2534,dish_1562689519
2535,dish_1562689548
2536,dish_1562689601
2537,dish_1562689620
2538,dish_1562689645
2539,dish_1562690047
2540,dish_1562690074
2541,dish_1562690112
2542,dish_1562690144
2543,dish_1562690886
2544,dish_1562690917
2545,dish_1562690950
2546,dish_1562691000
2547,dish_1562691032
2548,dish_1562691064
2549,dish_1562691383
2550,dish_1562691409
2551,dish_1562691441
2552,dish_1562691466
2553,dish_1562691538
2554,dish_1562691566
2555,dish_1562691613
2556,dish_1562691645
2557,dish_1562691674
2558,dish_1562691705
2559,dish_1562691737
2560,dish_1562698100
2561,dish_1562698132
2562,dish_1562698209
2563,dish_1562698239
2564,dish_1562698276
2565,dish_1562699570
2566,dish_1562699612
2567,dish_1562699652
2568,dish_1562699699
2569,dish_1562700496
2570,dish_1562700524
2571,dish_1562700568
2572,dish_1562700593
2573,dish_1562700685
2574,dish_1562700718
2575,dish_1562700760
2576,dish_1562700885
2577,dish_1562700906
2578,dish_1562700931
2579,dish_1562700957
2580,dish_1562701956
2581,dish_1562702007
2582,dish_1562702044
2583,dish_1562702091
2584,dish_1562702132
2585,dish_1562702355
2586,dish_1562702379
2587,dish_1562702412
2588,dish_1562702441
2589,dish_1562702469
2590,dish_1562702813
2591,dish_1562702853
2592,dish_1562702892
2593,dish_1562703345
2594,dish_1562703382
2595,dish_1562703408
2596,dish_1562703447
2597,dish_1562704528
2598,dish_1562704564
2599,dish_1562704616
2600,dish_1562704640
2601,dish_1562704665
2602,dish_1562774099
2603,dish_1562774129
2604,dish_1562774159
2605,dish_1562774180
2606,dish_1562774206
2607,dish_1562774346
2608,dish_1562774456
2609,dish_1562774475
2610,dish_1562774504
2611,dish_1562774531
2612,dish_1562774980
2613,dish_1562775047
2614,dish_1562775110
2615,dish_1562775212
2616,dish_1562775241
2617,dish_1562775275
2618,dish_1562775356
2619,dish_1562775373
2620,dish_1562775456
2621,dish_1562775488
2622,dish_1562775510
2623,dish_1562775549
2624,dish_1562775574
2625,dish_1562776428
2626,dish_1562776465
2627,dish_1562776497
2628,dish_1562777000
2629,dish_1562777037
2630,dish_1562777068
2631,dish_1562777099
2632,dish_1562777566
2633,dish_1562783605
2634,dish_1562783691
2635,dish_1562784242
2636,dish_1562784266
2637,dish_1562784307
2638,dish_1562784347
2639,dish_1562784388
2640,dish_1562785132
2641,dish_1562785159
2642,dish_1562785184
2643,dish_1562785328
2644,dish_1562785369
2645,dish_1562786103
2646,dish_1562787745
2647,dish_1562787783
2648,dish_1562787817
2649,dish_1562787848
2650,dish_1562787956
2651,dish_1562787983
2652,dish_1562788010
2653,dish_1562788032
2654,dish_1562788506
2655,dish_1562788536
2656,dish_1562788568
2657,dish_1562788601
2658,dish_1562788732
2659,dish_1562788760
2660,dish_1562788794
2661,dish_1562788816
2662,dish_1562788845
2663,dish_1562789207
2664,dish_1562789240
2665,dish_1562789268
2666,dish_1562789301
2667,dish_1562789328
2668,dish_1562790170
2669,dish_1562790224
2670,dish_1562790259
2671,dish_1562790295
2672,dish_1562790321
2673,dish_1562790775
2674,dish_1562790824
2675,dish_1562790855
2676,dish_1562859116
2677,dish_1562860045
2678,dish_1562860073
2679,dish_1562860700
2680,dish_1562860723
2681,dish_1562861103
2682,dish_1562861125
2683,dish_1562861174
2684,dish_1562862493
2685,dish_1562862529
2686,dish_1562862550
2687,dish_1562871297
2688,dish_1562871363
2689,dish_1562871408
2690,dish_1562871448
2691,dish_1562871488
2692,dish_1562871537
2693,dish_1562871731
2694,dish_1562872150
2695,dish_1562872182
2696,dish_1562872223
2697,dish_1562872365
2698,dish_1562872396
2699,dish_1562872432
2700,dish_1562872470
2701,dish_1562872498
2702,dish_1562872662
2703,dish_1562872746
2704,dish_1562872914
2705,dish_1562872945
2706,dish_1562872981
2707,dish_1562873002
2708,dish_1562873028
2709,dish_1562873155
2710,dish_1562873187
2711,dish_1562873224
2712,dish_1562873264
2713,dish_1562873416
2714,dish_1562873495
2715,dish_1562873544
2716,dish_1562873790
2717,dish_1562873814
2718,dish_1562873838
2719,dish_1562874049
2720,dish_1562874203
2721,dish_1562874250
2722,dish_1562874282
2723,dish_1562875159
2724,dish_1562875211
2725,dish_1562875241
2726,dish_1562875273
2727,dish_1562875320
2728,dish_1562875833
2729,dish_1562875870
2730,dish_1562875898
2731,dish_1562875940
2732,dish_1562876494
2733,dish_1562876531
2734,dish_1562876618
2735,dish_1562876645
2736,dish_1562876674
2737,dish_1562876709
2738,dish_1562876732
2739,dish_1562876756
2740,dish_1562945131
2741,dish_1562945186
2742,dish_1562945332
2743,dish_1562945393
2744,dish_1562945445
2745,dish_1562945499
2746,dish_1562945779
2747,dish_1562945803
2748,dish_1562945823
2749,dish_1562945851
2750,dish_1562945879
2751,dish_1562945900
2752,dish_1562945967
2753,dish_1562946006
2754,dish_1562946075
2755,dish_1562946106
2756,dish_1562947020
2757,dish_1562947376
2758,dish_1562947409
2759,dish_1562947436
2760,dish_1562947469
2761,dish_1562947503
2762,dish_1562947598
2763,dish_1562947885
2764,dish_1562949162
2765,dish_1562949205
2766,dish_1562949242
2767,dish_1562949467
2768,dish_1562949494
2769,dish_1562949515
2770,dish_1562949541
2771,dish_1562950018
2772,dish_1562950057
2773,dish_1562950091
2774,dish_1562950895
2775,dish_1562950934
2776,dish_1562956486
2777,dish_1562956510
2778,dish_1562958445
2779,dish_1562958563
2780,dish_1562958603
2781,dish_1562958629
2782,dish_1562958721
2783,dish_1562958775
2784,dish_1562958809
2785,dish_1562958998
2786,dish_1562959024
2787,dish_1562959059
2788,dish_1562959103
2789,dish_1562959129
2790,dish_1562959190
2791,dish_1562959295
2792,dish_1562959344
2793,dish_1562959379
2794,dish_1562959485
2795,dish_1562959517
2796,dish_1562959547
2797,dish_1562959570
2798,dish_1562959599
2799,dish_1562959700
2800,dish_1562959732
2801,dish_1562959766
2802,dish_1562959799
2803,dish_1562960437
2804,dish_1562960472
2805,dish_1562960520
2806,dish_1562961588
2807,dish_1562961609
2808,dish_1562961650
2809,dish_1562963006
2810,dish_1562963033
2811,dish_1562963059
2812,dish_1562963084
2813,dish_1562963109
2814,dish_1562963153
2815,dish_1562963246
2816,dish_1562963289
2817,dish_1562963325
2818,dish_1562963484
2819,dish_1562963517
2820,dish_1562963583
2821,dish_1562963612
2822,dish_1562963648
2823,dish_1562963676
2824,dish_1562963704
2825,dish_1563205877
2826,dish_1563205903
2827,dish_1563205927
2828,dish_1563205953
2829,dish_1563205982
2830,dish_1563206409
2831,dish_1563206562
2832,dish_1563206582
2833,dish_1563206601
2834,dish_1563207277
2835,dish_1563207301
2836,dish_1563207332
2837,dish_1563207364
2838,dish_1563207389
2839,dish_1563207406
2840,dish_1563208094
2841,dish_1563208129
2842,dish_1563208412
2843,dish_1563208439
2844,dish_1563208459
2845,dish_1563216381
2846,dish_1563216412
2847,dish_1563216440
2848,dish_1563216625
2849,dish_1563216659
2850,dish_1563216689
2851,dish_1563216717
2852,dish_1563216739
2853,dish_1563217736
2854,dish_1563217774
2855,dish_1563217804
2856,dish_1563217895
2857,dish_1563217939
2858,dish_1563217968
2859,dish_1563217993
2860,dish_1563218031
2861,dish_1563218201
2862,dish_1563218408
2863,dish_1563218959
2864,dish_1563218987
2865,dish_1563219009
2866,dish_1563219035
2867,dish_1563219056
2868,dish_1563220058
2869,dish_1563220087
2870,dish_1563220109
2871,dish_1563220143
2872,dish_1563220171
2873,dish_1563220767
2874,dish_1563220802
2875,dish_1563220987
2876,dish_1563221025
2877,dish_1563221054
2878,dish_1563221086
2879,dish_1563221157
2880,dish_1563221443
2881,dish_1563221495
2882,dish_1563221519
2883,dish_1563221562
2884,dish_1563221602
2885,dish_1563221640
2886,dish_1563222745
2887,dish_1563222775
2888,dish_1563222800
2889,dish_1563222830
2890,dish_1563222850
2891,dish_1563294408
2892,dish_1563294441
2893,dish_1563294465
2894,dish_1563294491
2895,dish_1563294522
2896,dish_1563294547
2897,dish_1563294575
2898,dish_1563294987
2899,dish_1563295016
2900,dish_1563295044
2901,dish_1563295292
2902,dish_1563295360
2903,dish_1563295400
2904,dish_1563302315
2905,dish_1563302345
2906,dish_1563302391
2907,dish_1563302420
2908,dish_1563302447
2909,dish_1563303298
2910,dish_1563303350
2911,dish_1563303386
2912,dish_1563304261
2913,dish_1563304301
2914,dish_1563304333
2915,dish_1563304369
2916,dish_1563304881
2917,dish_1563304925
2918,dish_1563304958
2919,dish_1563305005
2920,dish_1563305047
2921,dish_1563305083
2922,dish_1563305321
2923,dish_1563305354
2924,dish_1563305401
2925,dish_1563305513
2926,dish_1563305653
2927,dish_1563305689
2928,dish_1563305722
2929,dish_1563305837
2930,dish_1563305883
2931,dish_1563305913
2932,dish_1563305948
2933,dish_1563305982
2934,dish_1563306039
2935,dish_1563306392
2936,dish_1563307488
2937,dish_1563307519
2938,dish_1563307575
2939,dish_1563308323
2940,dish_1563308386
2941,dish_1563308428
2942,dish_1563309189
2943,dish_1563309237
2944,dish_1563309285
2945,dish_1563309315
2946,dish_1563309353
2947,dish_1563309398
2948,dish_1563378002
2949,dish_1563378029
2950,dish_1563378051
2951,dish_1563378073
2952,dish_1563378110
2953,dish_1563378344
2954,dish_1563378372
2955,dish_1563378406
2956,dish_1563378435
2957,dish_1563378660
2958,dish_1563378690
2959,dish_1563379132
2960,dish_1563379163
2961,dish_1563379494
2962,dish_1563381461
2963,dish_1563381486
2964,dish_1563381512
2965,dish_1563381680
2966,dish_1563381706
2967,dish_1563381738
2968,dish_1563381760
2969,dish_1563382911
2970,dish_1563382953
2971,dish_1563382987
2972,dish_1563389042
2973,dish_1563389079
2974,dish_1563389114
2975,dish_1563389153
2976,dish_1563389199
2977,dish_1563389413
2978,dish_1563389446
2979,dish_1563389548
2980,dish_1563389600
2981,dish_1563389626
2982,dish_1563389693
2983,dish_1563389719
2984,dish_1563389742
2985,dish_1563389786
2986,dish_1563391333
2987,dish_1563391375
2988,dish_1563391413
2989,dish_1563391453
2990,dish_1563391647
2991,dish_1563391681
2992,dish_1563391708
2993,dish_1563391922
2994,dish_1563391959
2995,dish_1563391989
2996,dish_1563392128
2997,dish_1563393148
2998,dish_1563393182
2999,dish_1563393217
3000,dish_1563393244
3001,dish_1563393341
3002,dish_1563393366
3003,dish_1563393403
3004,dish_1563395341
3005,dish_1563395374
3006,dish_1563395415
3007,dish_1563395449
3008,dish_1563395480
3009,dish_1563395510
3010,dish_1563464389
3011,dish_1563464429
3012,dish_1563464457
3013,dish_1563464480
3014,dish_1563464543
3015,dish_1563464627
3016,dish_1563464651
3017,dish_1563464670
3018,dish_1563465805
3019,dish_1563465847
3020,dish_1563466280
3021,dish_1563468199
3022,dish_1563468240
3023,dish_1563468269
3024,dish_1563468299
3025,dish_1563468327
3026,dish_1563468362
3027,dish_1563468776
3028,dish_1563475788
3029,dish_1563475826
3030,dish_1563475874
3031,dish_1563475921
3032,dish_1563475953
3033,dish_1563476267
3034,dish_1563476323
3035,dish_1563476408
3036,dish_1563476463
3037,dish_1563476551
3038,dish_1563476577
3039,dish_1563476646
3040,dish_1563477659
3041,dish_1563477701
3042,dish_1563477736
3043,dish_1563478751
3044,dish_1563479526
3045,dish_1563479568
3046,dish_1563479596
3047,dish_1563479625
3048,dish_1563479655
3049,dish_1563480476
3050,dish_1563480505
3051,dish_1563480534
3052,dish_1563480608
3053,dish_1563481030
3054,dish_1563481061
3055,dish_1563550584
3056,dish_1563550614
3057,dish_1563550922
3058,dish_1563550950
3059,dish_1563550976
3060,dish_1563551006
3061,dish_1563551105
3062,dish_1563551134
3063,dish_1563551164
3064,dish_1563551194
3065,dish_1563551220
3066,dish_1563551360
3067,dish_1563551397
3068,dish_1563551432
3069,dish_1563552016
3070,dish_1563553735
3071,dish_1563553756
3072,dish_1563553780
3073,dish_1563555072
3074,dish_1563555100
3075,dish_1563555126
3076,dish_1563555160
3077,dish_1563555510
3078,dish_1563555543
3079,dish_1563555563
3080,dish_1563555605
3081,dish_1563563240
3082,dish_1563563264
3083,dish_1563563289
3084,dish_1563563317
3085,dish_1563563348
3086,dish_1563563378
3087,dish_1563563467
3088,dish_1563563492
3089,dish_1563563527
3090,dish_1563564676
3091,dish_1563564707
3092,dish_1563564760
3093,dish_1563564797
3094,dish_1563564828
3095,dish_1563565289
3096,dish_1563565323
3097,dish_1563565354
3098,dish_1563565415
3099,dish_1563565454
3100,dish_1563565508
3101,dish_1563565683
3102,dish_1563565720
3103,dish_1563565761
3104,dish_1563565805
3105,dish_1563566626
3106,dish_1563566674
3107,dish_1563566725
3108,dish_1563566810
3109,dish_1563566909
3110,dish_1563566939
3111,dish_1563566965
3112,dish_1563567319
3113,dish_1563567372
3114,dish_1563567599
3115,dish_1563567626
3116,dish_1563567663
3117,dish_1563567722
3118,dish_1563567978
3119,dish_1563568003
3120,dish_1563568025
3121,dish_1563568118
3122,dish_1563568148
3123,dish_1563568263
3124,dish_1563568292
3125,dish_1563568319
3126,dish_1563568338
3127,dish_1563568357
3128,dish_1563811412
3129,dish_1563811439
3130,dish_1563811463
3131,dish_1563811490
3132,dish_1563811515
3133,dish_1563811611
3134,dish_1563811639
3135,dish_1563811662
3136,dish_1563811686
3137,dish_1563812508
3138,dish_1563812535
3139,dish_1563812570
3140,dish_1563812615
3141,dish_1563813221
3142,dish_1563813308
3143,dish_1563813360
3144,dish_1563813395
3145,dish_1563813436
3146,dish_1563813501
3147,dish_1563813806
3148,dish_1563813833
3149,dish_1563820775
3150,dish_1563820806
3151,dish_1563820834
3152,dish_1563822546
3153,dish_1563822597
3154,dish_1563822636
3155,dish_1563822663
3156,dish_1563823292
3157,dish_1563823359
3158,dish_1563823390
3159,dish_1563823423
3160,dish_1563823814
3161,dish_1563823860
3162,dish_1563823894
3163,dish_1563824065
3164,dish_1563824092
3165,dish_1563824130
3166,dish_1563824155
3167,dish_1563824250
3168,dish_1563824279
3169,dish_1563824304
3170,dish_1563824339
3171,dish_1563824377
3172,dish_1563824406
3173,dish_1563826223
3174,dish_1563826272
3175,dish_1563826306
3176,dish_1563827060
3177,dish_1563827086
3178,dish_1563827110
3179,dish_1563827132
3180,dish_1563827162
3181,dish_1563827188
3182,dish_1563827425
3183,dish_1563827454
3184,dish_1563827482
3185,dish_1563897047
3186,dish_1563897087
3187,dish_1563897338
3188,dish_1563897369
3189,dish_1563897395
3190,dish_1563897439
3191,dish_1563897492
3192,dish_1563897794
3193,dish_1563897837
3194,dish_1563897870
3195,dish_1563897938
3196,dish_1563897981
3197,dish_1563898019
3198,dish_1563898055
3199,dish_1563898084
3200,dish_1563898107
3201,dish_1563898688
3202,dish_1563898722
3203,dish_1563898786
3204,dish_1563898813
3205,dish_1563898880
3206,dish_1563900120
3207,dish_1563900150
3208,dish_1563900172
3209,dish_1563900205
3210,dish_1563908923
3211,dish_1563908957
3212,dish_1563908996
3213,dish_1563909469
3214,dish_1563909507
3215,dish_1563909550
3216,dish_1563909580
3217,dish_1563909919
3218,dish_1563909951
3219,dish_1563909982
3220,dish_1563910106
3221,dish_1563910137
3222,dish_1563910171
3223,dish_1563910276
3224,dish_1563910530
3225,dish_1563910639
3226,dish_1563910676
3227,dish_1563910708
3228,dish_1563911156
3229,dish_1563911185
3230,dish_1563911215
3231,dish_1563911255
3232,dish_1563913588
3233,dish_1563913627
3234,dish_1563913675
3235,dish_1563913709
3236,dish_1563913741
3237,dish_1563984140
3238,dish_1563984167
3239,dish_1563984199
3240,dish_1563984242
3241,dish_1563984296
3242,dish_1563984701
3243,dish_1563984729
3244,dish_1563984771
3245,dish_1563984835
3246,dish_1563986062
3247,dish_1563986093
3248,dish_1563996251
3249,dish_1563996279
3250,dish_1563996308
3251,dish_1563996441
3252,dish_1563996464
3253,dish_1563996485
3254,dish_1563996509
3255,dish_1563996596
3256,dish_1563996625
3257,dish_1563996656
3258,dish_1563997327
3259,dish_1563997386
3260,dish_1563997418
3261,dish_1563998210
3262,dish_1563998244
3263,dish_1563998279
3264,dish_1563998323
3265,dish_1563998513
3266,dish_1564000202
3267,dish_1564000417
3268,dish_1564000459
3269,dish_1564000490
3270,dish_1564000536
3271,dish_1564073641
3272,dish_1564073677
3273,dish_1564073716
3274,dish_1564073860
3275,dish_1564082178
3276,dish_1564082212
3277,dish_1564082323
3278,dish_1564082462
3279,dish_1564083459
3280,dish_1564083480
3281,dish_1564083508
3282,dish_1564083534
3283,dish_1564086602
3284,dish_1564086624
3285,dish_1564086658
3286,dish_1564086709
3287,dish_1564086748
3288,dish_1564086778
3289,dish_1564159520
3290,dish_1564159543
3291,dish_1564159588
3292,dish_1564159636
3293,dish_1564160043
3294,dish_1564160161
3295,dish_1564168695
3296,dish_1564168739
3297,dish_1564169197
3298,dish_1564169254
3299,dish_1564169298
3300,dish_1564169340
3301,dish_1564169644
3302,dish_1564169878
3303,dish_1564169932
3304,dish_1564169958
3305,dish_1564170010
3306,dish_1564170071
3307,dish_1564170098
3308,dish_1564170141
3309,dish_1564170173
3310,dish_1564170283
3311,dish_1564170474
3312,dish_1564170542
3313,dish_1564170836
3314,dish_1564170880
3315,dish_1564170923
3316,dish_1564170967
3317,dish_1564171888
3318,dish_1564171935
3319,dish_1564171970
3320,dish_1564171996
3321,dish_1565023128
3322,dish_1565023157
3323,dish_1565023182
3324,dish_1565024675
3325,dish_1565024707
3326,dish_1565024741
3327,dish_1565030350
3328,dish_1565030391
3329,dish_1565031283
3330,dish_1565031338
3331,dish_1565031376
3332,dish_1565032680
3333,dish_1565032714
3334,dish_1565032748
3335,dish_1565033085
3336,dish_1565033110
3337,dish_1565033139
3338,dish_1565033189
3339,dish_1565033220
3340,dish_1565033265
3341,dish_1565034234
3342,dish_1565034281
3343,dish_1565034330
3344,dish_1565034605
3345,dish_1565034635
3346,dish_1565034661
3347,dish_1565034681
3348,dish_1565035715
3349,dish_1565035746
3350,dish_1565035774
3351,dish_1565035802
3352,dish_1565035830
3353,dish_1565035858
3354,dish_1565036788
3355,dish_1565036821
3356,dish_1565036865
3357,dish_1565036890
3358,dish_1565036922
3359,dish_1565036953
3360,dish_1565107066
3361,dish_1565107092
3362,dish_1565107119
3363,dish_1565107143
3364,dish_1565107171
3365,dish_1565107211
3366,dish_1565109606
3367,dish_1565109637
3368,dish_1565109659
3369,dish_1565117429
3370,dish_1565117463
3371,dish_1565117892
3372,dish_1565117934
3373,dish_1565117962
3374,dish_1565117990
3375,dish_1565118029
3376,dish_1565118067
3377,dish_1565118096
3378,dish_1565118700
3379,dish_1565118729
3380,dish_1565118782
3381,dish_1565118999
3382,dish_1565119418
3383,dish_1565119439
3384,dish_1565119464
3385,dish_1565119493
3386,dish_1565119642
3387,dish_1565119669
3388,dish_1565119698
3389,dish_1565119739
3390,dish_1565123783
3391,dish_1565123816
3392,dish_1565123845
3393,dish_1565123881
3394,dish_1565194684
3395,dish_1565194752
3396,dish_1565194781
3397,dish_1565194823
3398,dish_1565194852
3399,dish_1565194906
3400,dish_1565195362
3401,dish_1565195398
3402,dish_1565195436
3403,dish_1565195493
3404,dish_1565196260
3405,dish_1565203015
3406,dish_1565203094
3407,dish_1565204855
3408,dish_1565204891
3409,dish_1565204931
3410,dish_1565207631
3411,dish_1565207662
3412,dish_1565207694
3413,dish_1565207727
3414,dish_1565207815
3415,dish_1565207865
3416,dish_1565207896
3417,dish_1565208562
3418,dish_1565208611
3419,dish_1565208637
3420,dish_1565209922
3421,dish_1565209963
3422,dish_1565210009
3423,dish_1565210037
3424,dish_1565210073
3425,dish_1565369938
3426,dish_1565369971
3427,dish_1565370004
3428,dish_1565378680
3429,dish_1565378731
3430,dish_1565378770
3431,dish_1565379251
3432,dish_1565379320
3433,dish_1565379377
3434,dish_1565379788
3435,dish_1565379827
3436,dish_1565379868
3437,dish_1565382733
3438,dish_1565382762
3439,dish_1565382803
3440,dish_1565382833
3441,dish_1565382856
3442,dish_1565382886
3443,dish_1565382969
3444,dish_1565382995
3445,dish_1565383026
3446,dish_1565383062
3447,dish_1565383097
3448,dish_1565383128
3449,dish_1565383159
3450,dish_1565627751
3451,dish_1565627800
3452,dish_1565637123
3453,dish_1565637162
3454,dish_1565637504
3455,dish_1565637548
3456,dish_1565637578
3457,dish_1565637608
3458,dish_1565638287
3459,dish_1565638323
3460,dish_1565638365
3461,dish_1565638478
3462,dish_1565638515
3463,dish_1565638550
3464,dish_1565638599
3465,dish_1565640195
3466,dish_1565640227
3467,dish_1565640272
3468,dish_1565640365
3469,dish_1565640427
3470,dish_1565640528
3471,dish_1565640549
3472,dish_1565640576
3473,dish_1565640601
3474,dish_1565640723
3475,dish_1565640772
3476,dish_1565640812
3477,dish_1565640842
3478,dish_1565640868
3479,dish_1565640894
3480,dish_1565640914
3481,dish_1565641844
3482,dish_1565641885
3483,dish_1565641915
3484,dish_1565641943
3485,dish_1565711083
3486,dish_1565711115
3487,dish_1565711154
3488,dish_1565711183
3489,dish_1565711270
3490,dish_1565711296
3491,dish_1565711326
3492,dish_1565711358
3493,dish_1565711453
3494,dish_1565711498
3495,dish_1565711527
3496,dish_1565711570
3497,dish_1565721800
3498,dish_1565721828
3499,dish_1565721855
3500,dish_1565724050
3501,dish_1565724087
3502,dish_1565724196
3503,dish_1565724235
3504,dish_1565724269
3505,dish_1565724509
3506,dish_1565724552
3507,dish_1565724588
3508,dish_1565724620
3509,dish_1565725009
3510,dish_1565725047
3511,dish_1565725071
3512,dish_1565725095
3513,dish_1565725123
3514,dish_1565725156
3515,dish_1565725188
3516,dish_1565725244
3517,dish_1565726812
3518,dish_1565726848
3519,dish_1565726887
3520,dish_1565726915
3521,dish_1565726949
3522,dish_1565727738
3523,dish_1565727765
3524,dish_1565727791
3525,dish_1565727821
3526,dish_1565727851
3527,dish_1565727875
3528,dish_1565727921
3529,dish_1565728388
3530,dish_1565728415
3531,dish_1565728453
3532,dish_1565728494
3533,dish_1565728562
3534,dish_1565728591
3535,dish_1565728634
3536,dish_1565728684
3537,dish_1565797645
3538,dish_1565797671
3539,dish_1565797699
3540,dish_1565797723
3541,dish_1565798531
3542,dish_1565798558
3543,dish_1565798591
3544,dish_1565798617
3545,dish_1565799507
3546,dish_1565799565
3547,dish_1565799597
3548,dish_1565799617
3549,dish_1565799663
3550,dish_1565808943
3551,dish_1565808975
3552,dish_1565808998
3553,dish_1565809033
3554,dish_1565809080
3555,dish_1565809120
3556,dish_1565810146
3557,dish_1565810205
3558,dish_1565810237
3559,dish_1565810969
3560,dish_1565811000
3561,dish_1565811025
3562,dish_1565811061
3563,dish_1565811091
3564,dish_1565811139
3565,dish_1565811287
3566,dish_1565811335
3567,dish_1565811390
3568,dish_1565811423
3569,dish_1565811529
3570,dish_1565811588
3571,dish_1565812116
3572,dish_1565812146
3573,dish_1565812186
3574,dish_1565813386
3575,dish_1565813414
3576,dish_1565813446
3577,dish_1565884692
3578,dish_1565884738
3579,dish_1565884766
3580,dish_1565884833
3581,dish_1565894858
3582,dish_1565894889
3583,dish_1565894910
3584,dish_1565895808
3585,dish_1565895879
3586,dish_1565895966
3587,dish_1565896039
3588,dish_1565896662
3589,dish_1565896701
3590,dish_1565896745
3591,dish_1565897569
3592,dish_1565897617
3593,dish_1565897680
3594,dish_1565898128
3595,dish_1565898158
3596,dish_1565898193
3597,dish_1565898230
3598,dish_1565898331
3599,dish_1565898361
3600,dish_1565898402
3601,dish_1565898432
3602,dish_1565898489
3603,dish_1565898511
3604,dish_1565898544
3605,dish_1565898590
3606,dish_1565898659
3607,dish_1565898723
3608,dish_1565898758
3609,dish_1565972363
3610,dish_1565972384
3611,dish_1565972429
3612,dish_1565972591
3613,dish_1565972628
3614,dish_1565972674
3615,dish_1565972715
3616,dish_1565974375
3617,dish_1565974409
3618,dish_1565981769
3619,dish_1565981802
3620,dish_1565981848
3621,dish_1565981898
3622,dish_1565984245
3623,dish_1565984299
3624,dish_1565984345
3625,dish_1565984434
3626,dish_1565986702
3627,dish_1565986733
3628,dish_1565986761
3629,dish_1565987015
3630,dish_1565987054
3631,dish_1565987081
3632,dish_1565987116
3633,dish_1565987142
3634,dish_1565987201
3635,dish_1565987269
3636,dish_1565987298
3637,dish_1566230222
3638,dish_1566230258
3639,dish_1566230300
3640,dish_1566230377
3641,dish_1566242066
3642,dish_1566242111
3643,dish_1566242164
3644,dish_1566242195
3645,dish_1566242234
3646,dish_1566242273
3647,dish_1566242298
3648,dish_1566244815
3649,dish_1566244863
3650,dish_1566244904
3651,dish_1566244964
3652,dish_1566245365
3653,dish_1566245398
3654,dish_1566245437
3655,dish_1566246415
3656,dish_1566246478
3657,dish_1566246513
3658,dish_1566246541
3659,dish_1566246573
3660,dish_1566246626
3661,dish_1566246902
3662,dish_1566246946
3663,dish_1566246972
3664,dish_1566247003
3665,dish_1566316496
3666,dish_1566316525
3667,dish_1566316558
3668,dish_1566316587
3669,dish_1566316612
3670,dish_1566316681
3671,dish_1566316726
3672,dish_1566316757
3673,dish_1566317711
3674,dish_1566317742
3675,dish_1566317775
3676,dish_1566317801
3677,dish_1566328724
3678,dish_1566328745
3679,dish_1566328776
3680,dish_1566328805
3681,dish_1566328831
3682,dish_1566328894
3683,dish_1566328929
3684,dish_1566328961
3685,dish_1566328988
3686,dish_1566329021
3687,dish_1566329049
3688,dish_1566329203
3689,dish_1566329234
3690,dish_1566329257
3691,dish_1566330399
3692,dish_1566330428
3693,dish_1566330466
3694,dish_1566331801
3695,dish_1566331828
3696,dish_1566331868
3697,dish_1566331914
3698,dish_1566332040
3699,dish_1566332085
3700,dish_1566332116
3701,dish_1566332154
3702,dish_1566332193
3703,dish_1566332268
3704,dish_1566333118
3705,dish_1566333167
3706,dish_1566333194
3707,dish_1566333228
3708,dish_1566333255
3709,dish_1566333291
3710,dish_1566333324
3711,dish_1566413321
3712,dish_1566413356
3713,dish_1566413388
3714,dish_1566413419
3715,dish_1566413445
3716,dish_1566413469
3717,dish_1566413510
3718,dish_1566414225
3719,dish_1566414291
3720,dish_1566414342
3721,dish_1566414412
3722,dish_1566414611
3723,dish_1566414642
3724,dish_1566414686
3725,dish_1566414723
3726,dish_1566414754
3727,dish_1566414780
3728,dish_1566414862
3729,dish_1566414891
3730,dish_1566414924
3731,dish_1566415520
3732,dish_1566415558
3733,dish_1566415591
3734,dish_1566416299
3735,dish_1566416339
3736,dish_1566416388
3737,dish_1566416421
3738,dish_1566416455
3739,dish_1566416701
3740,dish_1566417398
3741,dish_1566417442
3742,dish_1566417475
3743,dish_1566417516
3744,dish_1566419510
3745,dish_1566419546
3746,dish_1566419577
3747,dish_1566419603
3748,dish_1566419635
3749,dish_1566499564
3750,dish_1566499633
3751,dish_1566499686
3752,dish_1566500963
3753,dish_1566500988
3754,dish_1566501012
3755,dish_1566501041
3756,dish_1566501067
3757,dish_1566501126
3758,dish_1566501153
3759,dish_1566501258
3760,dish_1566501293
3761,dish_1566501324
3762,dish_1566501352
3763,dish_1566501382
3764,dish_1566501447
3765,dish_1566501473
3766,dish_1566501575
3767,dish_1566501594
3768,dish_1566502000
3769,dish_1566502033
3770,dish_1566502061
3771,dish_1566502211
3772,dish_1566502271
3773,dish_1566502315
3774,dish_1566502437
3775,dish_1566502472
3776,dish_1566502505
3777,dish_1566502537
3778,dish_1566502573
3779,dish_1566587102
3780,dish_1566587143
3781,dish_1566587182
3782,dish_1566587662
3783,dish_1566587689
3784,dish_1566587714
3785,dish_1566587958
3786,dish_1566588016
3787,dish_1566588066
3788,dish_1566589933
3789,dish_1566589967
3790,dish_1566590007
3791,dish_1566590056
3792,dish_1566590536
3793,dish_1566590566
3794,dish_1566590946
3795,dish_1566590987
3796,dish_1566591022
3797,dish_1566591048
3798,dish_1566591080
3799,dish_1566592456
3800,dish_1566835603
3801,dish_1566835641
3802,dish_1566835701
3803,dish_1566838286
3804,dish_1566838317
3805,dish_1566838351
3806,dish_1566838378
3807,dish_1566838407
3808,dish_1566844766
3809,dish_1566844803
3810,dish_1566844850
3811,dish_1566846997
3812,dish_1566847043
3813,dish_1566847431
3814,dish_1566847454
3815,dish_1566847483
3816,dish_1566849208
3817,dish_1566849233
3818,dish_1566849269
3819,dish_1566849295
3820,dish_1566849327
3821,dish_1566849387
3822,dish_1566849862
3823,dish_1566849895
3824,dish_1566849923
3825,dish_1566849955
3826,dish_1566849987
3827,dish_1566850031
3828,dish_1566850099
3829,dish_1566850142
3830,dish_1566851115
3831,dish_1566851155
3832,dish_1566851198
3833,dish_1566851222
3834,dish_1566851549
3835,dish_1566851584
3836,dish_1566851616
3837,dish_1566851677
3838,dish_1566851704
3839,dish_1566920304
3840,dish_1566920339
3841,dish_1566920365
3842,dish_1566922978
3843,dish_1566923004
3844,dish_1566923030
3845,dish_1566923060
3846,dish_1566931116
3847,dish_1566931140
3848,dish_1566931179
3849,dish_1566931217
3850,dish_1566931482
3851,dish_1566931519
3852,dish_1566931548
3853,dish_1566931586
3854,dish_1566931620
3855,dish_1566931650
3856,dish_1566931674
3857,dish_1566933180
3858,dish_1566933226
3859,dish_1566933401
3860,dish_1566933454
3861,dish_1566933498
3862,dish_1566934057
3863,dish_1566934085
3864,dish_1566934120
3865,dish_1566934152
3866,dish_1566934366
3867,dish_1566934401
3868,dish_1566934430
3869,dish_1566934455
3870,dish_1566934487
3871,dish_1566936266
3872,dish_1566936297
3873,dish_1566936323
3874,dish_1566936352
3875,dish_1566937992
3876,dish_1566938026
3877,dish_1566938059
3878,dish_1566938088
3879,dish_1567007719
3880,dish_1567007751
3881,dish_1567007783
3882,dish_1567007814
3883,dish_1567007848
3884,dish_1567019993
3885,dish_1567020054
3886,dish_1567020091
3887,dish_1567020340
3888,dish_1567020366
3889,dish_1567020394
3890,dish_1567020417
3891,dish_1567021799
3892,dish_1567021831
3893,dish_1567021864
3894,dish_1567022114
3895,dish_1567022147
3896,dish_1567022180
3897,dish_1567022212
3898,dish_1567022251
3899,dish_1567022296
3900,dish_1567022338
3901,dish_1567022383
3902,dish_1567023110
3903,dish_1567023132
3904,dish_1567023161
3905,dish_1567023184
3906,dish_1567023262
3907,dish_1567023296
3908,dish_1567023335
3909,dish_1567023375
3910,dish_1567024066
3911,dish_1567024112
3912,dish_1567024135
3913,dish_1567024187
3914,dish_1567024224
3915,dish_1567024252
3916,dish_1567106594
3917,dish_1567106620
3918,dish_1567106646
3919,dish_1567106668
3920,dish_1567106693
3921,dish_1567106794
3922,dish_1567106825
3923,dish_1567106870
3924,dish_1567107049
3925,dish_1567107839
3926,dish_1567107989
3927,dish_1567108037
3928,dish_1567110519
3929,dish_1567110556
3930,dish_1567110631
3931,dish_1567110665
3932,dish_1567110756
3933,dish_1567110783
3934,dish_1567110811
3935,dish_1567110848
3936,dish_1567525637
3937,dish_1567525681
3938,dish_1567525712
3939,dish_1567525744
3940,dish_1567526738
3941,dish_1567526785
3942,dish_1567526814
3943,dish_1567526845
3944,dish_1567526888
3945,dish_1567537185
3946,dish_1567537212
3947,dish_1567537252
3948,dish_1567537280
3949,dish_1567537352
3950,dish_1567537387
3951,dish_1567537422
3952,dish_1567537457
3953,dish_1567538263
3954,dish_1567538303
3955,dish_1567542778
3956,dish_1567542813
3957,dish_1567542843
3958,dish_1567542876
3959,dish_1567542914
3960,dish_1567542953
3961,dish_1567542986
3962,dish_1567612954
3963,dish_1567612986
3964,dish_1567613019
3965,dish_1567613057
3966,dish_1567625294
3967,dish_1567625343
3968,dish_1567625392
3969,dish_1567625434
3970,dish_1567628069
3971,dish_1567628099
3972,dish_1567628157
3973,dish_1567628193
3974,dish_1567629081
3975,dish_1567629106
3976,dish_1567629129
3977,dish_1567711272
3978,dish_1567711356
3979,dish_1567711402
3980,dish_1567714745
3981,dish_1567714780
3982,dish_1567714813
3983,dish_1567714839
3984,dish_1567714875
3985,dish_1567714934
3986,dish_1567789154
3987,dish_1567789190
3988,dish_1567789230
3989,dish_1567789256
3990,dish_1567798511
3991,dish_1567801468
3992,dish_1567801716
3993,dish_1567801748
3994,dish_1567801791
3995,dish_1567801830
3996,dish_1568044496
3997,dish_1568044528
3998,dish_1568044581
3999,dish_1568044634
4000,dish_1568047932
4001,dish_1568047973
4002,dish_1568048018
4003,dish_1568048053
4004,dish_1568055963
4005,dish_1568055986
4006,dish_1568056019
4007,dish_1568056046
4008,dish_1568056217
4009,dish_1568056258
4010,dish_1568060414
4011,dish_1568060461
4012,dish_1568060501
4013,dish_1568060542
4014,dish_1568060616
4015,dish_1568060646
4016,dish_1568060697
4017,dish_1568060722
4018,dish_1568060746
4019,dish_1568061097
4020,dish_1568061145
4021,dish_1568061174
4022,dish_1568061202
4023,dish_1568061234
4024,dish_1568061272
4025,dish_1568061320
4026,dish_1568132484
4027,dish_1568132521
4028,dish_1568132561
4029,dish_1568132601
4030,dish_1568141871
4031,dish_1568141915
4032,dish_1568141951
4033,dish_1568143252
4034,dish_1568143288
4035,dish_1568143326
4036,dish_1568143362
4037,dish_1568143527
4038,dish_1568143572
4039,dish_1568143612
4040,dish_1568144612
4041,dish_1568144643
4042,dish_1568144688
4043,dish_1568144774
4044,dish_1568144803
4045,dish_1568144828
4046,dish_1568144855
4047,dish_1568144879
4048,dish_1568144925
4049,dish_1568144954
4050,dish_1568145027
4051,dish_1568145059
4052,dish_1568145100
4053,dish_1568145136
4054,dish_1568145177
4055,dish_1568146905
4056,dish_1568146942
4057,dish_1568146977
4058,dish_1568147009
4059,dish_1568147044
4060,dish_1568217267
4061,dish_1568217325
4062,dish_1568217372
4063,dish_1568217417
4064,dish_1568217465
4065,dish_1568229399
4066,dish_1568229442
4067,dish_1568233403
4068,dish_1568233444
4069,dish_1568233478
4070,dish_1568233509
4071,dish_1568305198
4072,dish_1568305225
4073,dish_1568305257
4074,dish_1568313487
4075,dish_1568313527
4076,dish_1568313575
4077,dish_1568313640
4078,dish_1568313676
4079,dish_1568314823
4080,dish_1568314857
4081,dish_1568314907
4082,dish_1568314951
4083,dish_1568315001
4084,dish_1568315040
4085,dish_1568315088
4086,dish_1568315132
4087,dish_1568315177
4088,dish_1568315988
4089,dish_1568316041
4090,dish_1568316085
4091,dish_1568318286
4092,dish_1568318316
4093,dish_1568318361
4094,dish_1568318408
4095,dish_1568318480
4096,dish_1568319725
4097,dish_1568319769
4098,dish_1568319838
4099,dish_1568319899
4100,dish_1568320296
4101,dish_1568320338
4102,dish_1568320383
4103,dish_1568320427
4104,dish_1568320470
4105,dish_1568400935
4106,dish_1568400967
4107,dish_1568401018
4108,dish_1568401064
4109,dish_1568401090
4110,dish_1568401167
4111,dish_1568401199
4112,dish_1568401233
4113,dish_1568401261
4114,dish_1568401302
4115,dish_1568404850
4116,dish_1568404889
4117,dish_1568405183
4118,dish_1568405214
4119,dish_1568405273
4120,dish_1568405306
4121,dish_1568405405
4122,dish_1568405430
4123,dish_1568405466
4124,dish_1568405499
4125,dish_1568649312
4126,dish_1568649354
4127,dish_1568649387
4128,dish_1568649430
4129,dish_1568660810
4130,dish_1568664931
4131,dish_1568664972
4132,dish_1568665012
4133,dish_1568665052
4134,dish_1568665935
4135,dish_1568665970
4136,dish_1568666000
4137,dish_1568666032
4138,dish_1568666061
4139,dish_1568666089
4140,dish_1568666184
4141,dish_1568666230
4142,dish_1568666303
4143,dish_1568666329
4144,dish_1568666357
4145,dish_1571931457
4146,dish_1571931482
4147,dish_1571931594
4148,dish_1571931623
4149,dish_1571931648
4150,dish_1571931678
4151,dish_1571931763
4152,dish_1571931782
4153,dish_1571931809
4154,dish_1571932341
4155,dish_1571932375
4156,dish_1571932398
4157,dish_1571932448
4158,dish_1571934124
4159,dish_1571934154
4160,dish_1571934465
4161,dish_1571934494
4162,dish_1571935085
4163,dish_1571935895
4164,dish_1571944214
4165,dish_1571944238
4166,dish_1571944487
4167,dish_1571944507
4168,dish_1571944531
4169,dish_1571944549
4170,dish_1571944571
4171,dish_1571944648
4172,dish_1572021459
4173,dish_1572021481
4174,dish_1572021506
4175,dish_1572029300
4176,dish_1572031211
4177,dish_1572031254
4178,dish_1572031580
4179,dish_1572031606
4180,dish_1572032323
4181,dish_1572032356
4182,dish_1572033988
4183,dish_1572034012
4184,dish_1572035271
4185,dish_1572035321
4186,dish_1572035359
4187,dish_1572279989
4188,dish_1572280018
4189,dish_1572291671
4190,dish_1572291695
4191,dish_1572291722
4192,dish_1572365415
4193,dish_1572376754
4194,dish_1572376778
4195,dish_1572376802
4196,dish_1572379407
4197,dish_1572462136
4198,dish_1572464284
4199,dish_1572464329
4200,dish_1572464354
4201,dish_1572464400
4202,dish_1572464692
4203,dish_1572464738
4204,dish_1572540136
4205,dish_1572540173
4206,dish_1572540208
4207,dish_1572540238
4208,dish_1572540876
4209,dish_1572540910
4210,dish_1572540934
4211,dish_1572541487
4212,dish_1572548822
4213,dish_1572548878
4214,dish_1572550690
4215,dish_1572550743
4216,dish_1572552638
4217,dish_1572625763
4218,dish_1572625810
4219,dish_1572625859
4220,dish_1572625898
4221,dish_1572627130
4222,dish_1572627152
4223,dish_1572889151
4224,dish_1572889747
4225,dish_1572901583
4226,dish_1572984706
4227,dish_1572984755
4228,dish_1572984792
4229,dish_1572988741
4230,dish_1572988785
4231,dish_1573072381
4232,dish_1573072410
4233,dish_1573072447
4234,dish_1573072479
4235,dish_1573073600
4236,dish_1573073666
4237,dish_1573073699
4238,dish_1573073741
4239,dish_1573159511
4240,dish_1573159868
4241,dish_1573159903
4242,dish_1573161475
4243,dish_1573234760
4244,dish_1573243053
4245,dish_1573491305
4246,dish_1573491330
4247,dish_1573491352
4248,dish_1573492999
4249,dish_1573503054
4250,dish_1573505208
4251,dish_1573506378
4252,dish_1573579355
4253,dish_1573579406
4254,dish_1573579439
4255,dish_1573579470
4256,dish_1573579635
4257,dish_1573665025
4258,dish_1573665056
4259,dish_1573665080
4260,dish_1573666680
4261,dish_1573679065
4262,dish_1573679099
4263,dish_1573679123
4264,dish_1573760161
4265,dish_1573760187
4266,dish_1573762582
4267,dish_1573762622
4268,dish_1573763118
4269,dish_1573763139
4270,dish_1573764136
4271,dish_1573764183
4272,dish_1573851578
4273,dish_1573851615
4274,dish_1573851651
4275,dish_1574097565
4276,dish_1574097587
4277,dish_1574109245
4278,dish_1574111587
4279,dish_1574184971
4280,dish_1574193218
4281,dish_1574193262
4282,dish_1574193316
4283,dish_1574197731
4284,dish_1574280343
4285,dish_1574280383
4286,dish_1574281837
4287,dish_1574359130
4288,dish_1574359160
4289,dish_1574359199
4290,dish_1574369148
4291,dish_1574444158
4292,dish_1574455444
4293,dish_1574455483
4294,dish_1574455517
4295,dish_1574702427
4296,dish_1574702473
4297,dish_1574711418
4298,dish_1574711451
4299,dish_1574711517
4300,dish_1574711589
4301,dish_1574720429
4302,dish_1574728191
4303,dish_1574728229
4304,dish_1575393132
4305,dish_1575404926
4306,dish_1575407477
4307,dish_1575478635
4308,dish_1575478663
4309,dish_1575481406
4310,dish_1575481443
4311,dish_1575653017
4312,dish_1575664962
4313,dish_1575923584
4314,dish_1575923893
4315,dish_1575924356
4316,dish_1575997210
4317,dish_1575997241
4318,dish_1575997268
4319,dish_1575998399
4320,dish_1575999037
4321,dish_1576100046
4322,dish_1576171118
4323,dish_1576171157
4324,dish_1576171204
4325,dish_1576171237
4326,dish_1576183111
4327,dish_1576258613
4328,dish_1576258657
4329,dish_1576258685
4330,dish_1576259732
4331,dish_1576259776
